"Time","Username","Entry"
2021-03-13 14:16:15,"npcc","Logged In"
2021-03-09 17:17:35,"HESCO","Logged In"
2021-03-09 17:13:28,"HESCO","Logged In"
2021-03-09 17:11:37,"HESCO","Logged In"
2021-03-09 14:43:24,"npcc","Logged In"
2021-03-08 20:53:34,"admin","Logged In"
2021-03-08 20:52:47,"admin","Logged In"
2021-03-08 20:41:31,"admin","Logged In"
2021-03-08 20:40:17,"admin","Logged In"
2021-03-08 20:37:18,"admin","Logged In"
2021-03-08 20:27:00,"LESCO","Logged In"
2021-03-08 20:16:24,"LESCO","Logged In"
2021-03-08 20:15:26,"LESCO","Logged In"
2021-03-08 20:14:04,"LESCO","Logged In"
2021-03-08 16:07:19,"LESCO","Logged In"
2021-03-08 16:05:47,"LESCO","Logged In"
2021-03-08 16:01:57,"LESCO","Logged In"
2021-03-08 15:59:50,"LESCO","Logged In"
2021-03-08 15:57:49,"LESCO","Logged In"
2021-03-08 15:52:43,"LESCO","Logged In"
2021-03-08 15:40:10,"LESCO","Logged In"
2021-03-08 15:39:32,"LESCO","Logged In"
2021-03-08 15:32:16,"LESCO","Logged In"
2021-03-08 15:18:05,"LESCO","Logged In"
2021-03-08 15:15:45,"LESCO","Logged In"
2021-03-08 15:11:15,"LESCO","Logged In"
2021-03-08 14:34:59,"LESCO","Logged In"
2021-03-08 14:34:37,"admin","Logged In"
2021-03-08 12:52:51,"LESCO","Downloaded DISCOs Forecast"
2021-03-08 12:52:15,"LESCO","Logged In"
2021-03-08 12:52:01,"admin","Logged In"
2021-03-08 12:50:58,"LESCO","Logged In"
2021-03-08 12:45:31,"LESCO","Logged In"
2021-03-07 22:59:21,"admin","Logged In"
2021-03-07 22:58:46,"IESCO","Logged In"
2021-03-07 22:58:21,"IESCO","Tried to log In with password IESCO1234"
2021-03-07 22:57:55,"TESCO","Tried to log In with password TESCO1234"
2021-03-07 22:56:32,"TESCO","Tried to log In with password TESCO1234"
2021-03-07 22:56:17,"TESCO","Tried to log In with password TESCO1234"
2021-03-07 22:53:02,"admin","Logged In"
2021-03-07 22:52:36,"LESCO","Logged In"
2021-03-07 22:49:02,"LESCO","Logged In"
2021-03-07 22:40:32,"LESCO","Logged In"
2021-03-07 22:40:04,"admin","Logged In"
2021-03-07 22:37:14,"admin","Logged In"
2021-03-07 22:37:03,"admin","Logged In"
2021-03-07 22:31:16,"LESCO","Logged In"
2021-03-07 22:30:58,"LESCO","Tried to log In with password LECO1234"
2021-03-07 22:30:03,"LESCO","Logged In"
2021-03-07 22:28:56,"LESCO","Logged In"
2021-03-07 22:28:09,"LESCO","Logged In"
2021-03-07 22:27:52,"admin","Logged In"
2021-03-07 22:25:22,"LESCO","Logged In"
2021-03-07 22:17:16,"admin","Logged In"
2021-03-07 22:14:20,"admin","Logged In"
2021-03-07 22:09:21,"admin","Logged In"
2021-03-07 22:03:35,"admin","Logged In"
2021-03-07 22:02:20,"admin","Logged In"
2021-03-07 22:00:09,"admin","Logged In"
2021-03-07 21:59:45,"admin","Logged In"
2021-03-07 21:57:39,"admin","Logged In"
2021-03-07 21:56:38,"admin","Logged In"
2021-03-07 21:56:03,"admin","Logged In"
2021-03-07 21:51:18,"admin","Logged In"
2021-03-07 21:42:57,"admin","Logged In"
2021-03-07 21:41:06,"admin","Logged In"
2021-03-07 21:35:22,"admin","Logged In"
2021-03-07 21:32:58,"admin","Logged In"
2021-03-07 21:32:00,"admin","Logged In"
2021-03-07 21:30:43,"admin","Logged In"
2021-03-07 21:26:38,"admin","Logged In"
2021-03-07 21:26:14,"admin","Logged In"
2021-03-07 19:51:46,"admin","Logged In"
2021-03-07 19:49:36,"admin","Logged In"
2021-03-07 19:48:50,"admin","Logged In"
2021-03-07 19:47:19,"admin","Logged In"
2021-03-07 19:45:42,"admin","Logged In"
2021-03-07 19:42:51,"admin","Logged In"
2021-03-07 19:40:26,"admin","Logged In"
2021-03-07 19:39:47,"admin","Logged In"
2021-03-07 19:36:30,"admin","Logged In"
2021-03-07 19:34:55,"admin","Logged In"
2021-03-07 19:34:06,"admin","Logged In"
2021-03-07 19:33:28,"admin","Logged In"
2021-03-07 19:32:19,"admin","Logged In"
2021-03-07 19:25:40,"admin","Logged In"
2021-03-07 19:21:52,"admin","Logged In"
2021-03-07 19:20:34,"admin","Logged In"
2021-03-07 19:18:19,"admin","Logged In"
2021-03-07 19:16:27,"admin","Logged In"
2021-03-07 19:14:49,"admin","Logged In"
2021-03-07 19:10:53,"admin","Logged In"
2021-03-07 19:09:20,"admin","Logged In"
2021-03-07 19:05:07,"admin","Logged In"
2021-03-07 19:02:46,"admin","Logged In"
2021-03-07 19:02:21,"admin","Logged In"
2021-03-07 19:01:32,"admin","Logged In"
2021-03-07 19:00:30,"admin","Logged In"
2021-03-07 18:52:36,"admin","Logged In"
2021-03-07 18:52:11,"admin","Logged In"
2021-03-07 18:46:48,"admin","Logged In"
2021-03-07 18:44:59,"admin","Logged In"
2021-03-07 18:43:40,"admin","Logged In"
2021-03-07 18:41:13,"admin","Logged In"
2021-03-07 18:35:53,"admin","Logged In"
2021-03-07 18:32:21,"admin","Logged In"
2021-03-07 18:31:26,"admin","Logged In"
2021-03-07 18:26:17,"admin","Logged In"
2021-03-07 18:25:54,"admin","Logged In"
2021-03-07 18:25:22,"admin","Logged In"
2021-03-07 18:23:55,"admin","Logged In"
2021-03-07 18:11:52,"admin","Logged In"
2021-03-07 18:09:41,"admin","Logged In"
2021-03-07 18:07:58,"admin","Logged In"
2021-03-07 18:07:19,"admin","Logged In"
2021-03-07 18:06:05,"admin","Logged In"
2021-03-07 18:04:01,"admin","Logged In"
2021-03-07 17:24:23,"admin","Logged In"
2021-03-07 17:23:49,"admin","Logged In"
2021-03-07 17:16:42,"admin","Logged In"
2021-03-07 17:12:34,"admin","Logged In"
2021-03-07 17:10:39,"admin","Logged In"
2021-03-07 17:08:31,"admin","Logged In"
2021-03-07 17:03:05,"admin","Logged In"
2021-03-07 16:57:58,"admin","Logged In"
2021-03-07 16:50:53,"admin","Logged In"
2021-03-07 16:48:54,"admin","Logged In"
2021-03-07 16:47:44,"admin","Logged In"
2021-03-07 16:47:16,"admin","Logged In"
2021-03-07 16:46:08,"admin","Logged In"
2021-03-07 16:36:02,"admin","Logged In"
2021-03-07 16:34:11,"admin","Logged In"
2021-03-07 16:30:32,"admin","Logged In"
2021-03-07 16:29:20,"admin","Logged In"
2021-03-07 16:10:09,"admin","Logged In"
2021-03-07 16:07:35,"admin","Logged In"
2021-03-07 16:04:47,"admin","Logged In"
2021-03-07 15:54:12,"admin","Logged In"
2021-03-07 14:51:40,"admin","Downloaded DISCOs Forecast"
2021-03-07 14:51:22,"admin","Logged In"
2021-03-07 14:50:04,"admin","Logged In"
2021-03-07 14:48:00,"admin","Logged In"
2021-03-07 14:43:46,"admin","Logged In"
2021-03-07 13:13:50,"admin","Downloaded DISCOs Forecast"
2021-03-07 13:13:07,"admin","Logged In"
2021-03-07 13:10:29,"admin","Logged In"
2021-03-07 13:08:36,"admin","Logged In"
2021-03-07 13:07:51,"admin","Logged In"
2021-03-07 13:06:01,"admin","Logged In"
2021-03-07 13:04:54,"admin","Logged In"
2021-03-07 13:00:22,"admin","Logged In"
2021-03-07 12:57:42,"admin","Logged In"
2021-03-07 12:48:09,"admin","Logged In"
2021-03-07 12:47:14,"admin","Logged In"
2021-03-07 12:44:06,"admin","Logged In"
2021-03-07 12:38:06,"admin","Logged In"
2021-03-07 12:36:30,"admin","Logged In"
2021-03-07 12:32:42,"admin","Logged In"
2021-03-07 12:31:18,"admin","Logged In"
2021-03-07 12:28:24,"admin","Logged In"
2021-03-07 12:27:10,"admin","Logged In"
2021-03-07 12:20:34,"admin","Logged In"
2021-03-07 12:20:10,"admin","Logged In"
2021-03-07 12:18:35,"admin","Logged In"
2021-03-07 12:14:58,"admin","Logged In"
2021-03-07 12:08:59,"admin","Logged In"
2021-02-26 11:55:41,"admin","Downloaded Performance Data"
2021-02-26 11:55:32,"admin","Logged In"
2021-02-26 11:55:22,"admin","Tried to log In with password ENERGY"
2021-02-26 11:55:02,"npcc","Logged In"
2021-02-26 11:39:51,"admin","Logged In"
2021-02-26 11:39:10,"npcc","Uploaded New Data"
2021-02-26 11:36:58,"admin","Logged In"
2021-02-26 11:36:48,"admin","Tried to log In with password enrgy"
2021-02-26 11:35:38,"npcc","Logged In"
2021-02-26 11:30:52,"admin","Logged In"
2021-02-26 11:25:03,"npcc","Downloaded Historic Data"
2021-02-26 11:20:22,"npcc","Downloaded Forecast"
2021-02-26 11:19:31,"npcc","Downloaded Forecast"
2021-02-26 11:19:17,"npcc","Logged In"
2021-02-26 10:58:07,"admin","Logged In"
2021-02-26 10:53:28,"npcc","Uploaded New Data"
2021-02-26 10:48:37,"admin","Logged In"
2021-02-26 10:45:24,"npcc","Logged In"
2021-02-26 10:21:44,"npcc","Uploaded New Data"
2021-02-26 10:18:53,"npcc","Logged In"
2021-02-26 10:17:44,"npcc","Uploaded New Data"
2021-02-26 10:14:27,"npcc","Logged In"
2021-02-26 10:11:09,"npcc","Uploaded New Data"
2021-02-26 10:10:50,"npcc","Uploaded New Data"
2021-02-26 10:07:12,"npcc","Logged In"
2021-02-25 11:21:16,"admin","Logged In"
2021-02-25 10:42:05,"admin","Logged In"
2021-02-25 09:36:13,"npcc","Downloaded Performance Data"
2021-02-25 09:36:02,"npcc","Downloaded Performance Data"
2021-02-25 09:31:29,"npcc","Uploaded New Data"
2021-02-25 09:25:29,"npcc","Logged In"
2021-02-24 10:31:53,"admin","Logged In"
2021-02-24 10:02:50,"npcc","Downloaded Forecast"
2021-02-24 10:02:03,"npcc","Downloaded Forecast"
2021-02-24 10:00:28,"npcc","Downloaded Performance Data"
2021-02-24 09:59:49,"npcc","Uploaded New Data"
2021-02-24 09:59:11,"npcc","Uploaded New Data"
2021-02-24 09:58:16,"npcc","Logged In"
2021-02-24 09:50:59,"npcc","Logged In"
2021-02-23 15:15:38,"admin","Logged In"
2021-02-23 12:12:50,"admin","Logged In"
2021-02-23 12:08:11,"admin","Logged In"
2021-02-01 23:25:33,"admin","Logged In"
2021-02-01 21:25:33,"admin","Logged In"
2021-02-01 20:56:04,"admin","Logged In"
2021-02-01 20:55:29,"admi","Tried to log In with password energy"
2021-02-01 16:46:28,"admin","Logged In"
2021-02-01 13:49:33,"admin","Logged In"
2021-02-01 11:08:12,"npcc","Logged In"
2021-02-01 11:07:24,"npcc","Uploaded New Data"
2021-02-01 11:00:37,"npcc","Logged In"
2021-02-01 10:59:58,"npcc","Uploaded New Data"
2021-02-01 10:59:46,"npcc","Uploaded New Data"
2021-02-01 10:59:35,"npcc","Uploaded New Data"
2021-02-01 10:55:45,"npcc","Logged In"
2021-02-01 10:52:27,"npcc","Downloaded Forecast"
2021-02-01 10:51:59,"npcc","Downloaded Forecast"
2021-02-01 10:51:39,"npcc","Logged In"
2021-02-01 10:46:34,"npcc","Uploaded New Data"
2021-02-01 10:46:23,"npcc","Uploaded New Data"
2021-02-01 10:42:38,"npcc","Uploaded New Data"
2021-02-01 10:39:21,"npcc","Logged In"
2021-02-01 10:34:44,"npcc","Logged In"
2021-02-01 10:25:19,"npcc","Downloaded Performance Data"
2021-02-01 10:24:55,"npcc","Logged In"
2021-02-01 10:06:19,"npcc","Logged In"
2021-02-01 10:04:02,"admin","Logged In"
2021-02-01 10:02:46,"npcc","Logged In"
2021-02-01 09:49:54,"npcc","Uploaded New Data"
2021-02-01 09:49:14,"npcc","Uploaded New Data"
2021-02-01 09:36:36,"npcc","Downloaded Performance Data"
2021-02-01 09:34:35,"npcc","Logged In"
2021-02-01 07:11:50,"admin","Logged In"
2021-02-01 07:10:15,"admin","Logged In"
2021-02-01 07:08:05,"admin","Logged In"
2021-01-31 23:49:30,"npcc","Logged In"
2021-01-31 19:28:03,"admin","Logged In"
2021-01-31 19:25:38,"admin","Logged In"
2021-01-31 19:20:07,"admin","Downloaded Performance Data"
2021-01-31 19:20:05,"admin","Downloaded Historic Data"
2021-01-31 19:20:03,"admin","Downloaded Forecast"
2021-01-31 19:19:57,"admin","Logged In"
2021-01-31 18:02:27,"admin","Downloaded Performance Data"
2021-01-31 18:02:24,"admin","Downloaded Historic Data"
2021-01-31 18:02:22,"admin","Downloaded Forecast"
2021-01-31 18:02:16,"admin","Logged In"
2021-01-31 15:33:16,"admin","Downloaded Performance Data"
2021-01-31 15:33:13,"admin","Downloaded Historic Data"
2021-01-31 15:33:11,"admin","Downloaded Forecast"
2021-01-31 15:33:05,"admin","Logged In"
2021-01-31 11:50:14,"admin","Downloaded Performance Data"
2021-01-31 11:50:11,"admin","Downloaded Historic Data"
2021-01-31 11:50:09,"admin","Downloaded Forecast"
2021-01-31 11:50:03,"admin","Logged In"
2021-01-31 11:49:46,"admin","Tried to log In with password enery"
2021-01-30 16:19:26,"admin","Downloaded Performance Data"
2021-01-30 16:19:23,"admin","Downloaded Historic Data"
2021-01-30 16:19:20,"admin","Downloaded Forecast"
2021-01-30 16:19:14,"admin","Logged In"
2021-01-30 15:25:36,"npcc","Uploaded New Data"
2021-01-30 15:25:27,"npcc","Uploaded New Data"
2021-01-30 15:22:40,"npcc","Downloaded Performance Data"
2021-01-30 15:22:38,"npcc","Downloaded Historic Data"
2021-01-30 15:22:35,"npcc","Downloaded Forecast"
2021-01-30 15:22:29,"npcc","Logged In"
2021-01-30 12:36:50,"admin","Downloaded Performance Data"
2021-01-30 12:36:47,"admin","Downloaded Historic Data"
2021-01-30 12:36:45,"admin","Downloaded Forecast"
2021-01-30 12:36:38,"admin","Logged In"
2021-01-29 15:18:31,"admin","Downloaded Performance Data"
2021-01-29 15:18:28,"admin","Downloaded Historic Data"
2021-01-29 15:18:26,"admin","Downloaded Forecast"
2021-01-29 15:18:20,"admin","Logged In"
2021-01-29 11:30:32,"admin","Downloaded Performance Data"
2021-01-29 11:30:30,"admin","Downloaded Historic Data"
2021-01-29 11:30:28,"admin","Downloaded Forecast"
2021-01-29 11:30:22,"admin","Logged In"
2021-01-29 11:16:16,"admin","Downloaded Performance Data"
2021-01-29 11:16:14,"admin","Downloaded Historic Data"
2021-01-29 11:16:12,"admin","Downloaded Forecast"
2021-01-29 11:16:06,"admin","Logged In"
2021-01-29 10:38:35,"npcc","Uploaded New Data"
2021-01-29 10:34:24,"npcc","Downloaded Performance Data"
2021-01-29 10:34:22,"npcc","Downloaded Historic Data"
2021-01-29 10:34:19,"npcc","Downloaded Forecast"
2021-01-29 10:34:14,"npcc","Logged In"
2021-01-29 10:30:11,"admin","Downloaded Performance Data"
2021-01-29 10:30:09,"admin","Downloaded Historic Data"
2021-01-29 10:30:06,"admin","Downloaded Forecast"
2021-01-29 10:30:02,"admin","Logged In"
2021-01-29 10:17:50,"admin","Downloaded Performance Data"
2021-01-29 10:17:47,"admin","Downloaded Historic Data"
2021-01-29 10:17:45,"admin","Downloaded Forecast"
2021-01-29 10:17:39,"admin","Logged In"
2021-01-28 21:22:59,"admin","Downloaded Performance Data"
2021-01-28 21:22:56,"admin","Downloaded Historic Data"
2021-01-28 21:22:53,"admin","Downloaded Forecast"
2021-01-28 21:22:46,"admin","Logged In"
2021-01-28 15:50:14,"pitc","Downloaded Performance Data"
2021-01-28 15:50:12,"pitc","Downloaded Historic Data"
2021-01-28 15:50:09,"pitc","Downloaded Forecast"
2021-01-28 15:50:03,"pitc","Logged In"
2021-01-28 10:21:58,"npcc","Downloaded Performance Data"
2021-01-28 10:21:56,"npcc","Downloaded Historic Data"
2021-01-28 10:21:53,"npcc","Downloaded Forecast"
2021-01-28 10:21:48,"npcc","Logged In"
2021-01-28 10:07:00,"admin","Downloaded Performance Data"
2021-01-28 10:06:57,"admin","Downloaded Historic Data"
2021-01-28 10:06:55,"admin","Downloaded Forecast"
2021-01-28 10:06:49,"admin","Logged In"
2021-01-28 09:05:58,"npcc","Uploaded New Data"
2021-01-28 09:05:34,"npcc","Uploaded New Data"
2021-01-28 09:00:18,"npcc","Downloaded Performance Data"
2021-01-28 09:00:16,"npcc","Downloaded Historic Data"
2021-01-28 09:00:13,"npcc","Downloaded Forecast"
2021-01-28 09:00:07,"npcc","Logged In"
2021-01-27 20:27:20,"admin","Downloaded Performance Data"
2021-01-27 20:27:17,"admin","Downloaded Historic Data"
2021-01-27 20:27:14,"admin","Downloaded Forecast"
2021-01-27 20:27:07,"admin","Logged In"
2021-01-27 15:53:02,"admin","Downloaded Performance Data"
2021-01-27 15:52:59,"admin","Downloaded Historic Data"
2021-01-27 15:52:57,"admin","Downloaded Forecast"
2021-01-27 15:52:51,"admin","Logged In"
2021-01-27 13:09:04,"admin","Downloaded Performance Data"
2021-01-27 13:09:01,"admin","Downloaded Historic Data"
2021-01-27 13:08:59,"admin","Downloaded Forecast"
2021-01-27 13:08:52,"admin","Logged In"
2021-01-27 12:44:24,"admin","Downloaded Performance Data"
2021-01-27 12:44:22,"admin","Downloaded Historic Data"
2021-01-27 12:44:19,"admin","Downloaded Forecast"
2021-01-27 12:44:14,"admin","Logged In"
2021-01-27 12:44:03,"admin","Tried to log In with password energuy"
2021-01-27 11:54:36,"admin","Downloaded Performance Data"
2021-01-27 11:54:34,"admin","Downloaded Historic Data"
2021-01-27 11:54:31,"admin","Downloaded Forecast"
2021-01-27 11:54:27,"admin","Logged In"
2021-01-27 11:49:12,"cppa","Downloaded Performance Data"
2021-01-27 11:49:09,"cppa","Downloaded Historic Data"
2021-01-27 11:49:06,"cppa","Downloaded Forecast"
2021-01-27 11:49:00,"cppa","Logged In"
2021-01-27 10:56:12,"admin","Downloaded Performance Data"
2021-01-27 10:56:10,"admin","Downloaded Historic Data"
2021-01-27 10:56:07,"admin","Downloaded Forecast"
2021-01-27 10:56:01,"admin","Logged In"
2021-01-27 10:17:13,"npcc","Downloaded Performance Data"
2021-01-27 10:17:11,"npcc","Downloaded Historic Data"
2021-01-27 10:17:08,"npcc","Downloaded Forecast"
2021-01-27 10:17:02,"npcc","Logged In"
2021-01-27 09:58:29,"npcc","Uploaded New Data"
2021-01-27 09:58:10,"npcc","Uploaded New Data"
2021-01-27 09:53:38,"npcc","Downloaded Performance Data"
2021-01-27 09:53:35,"npcc","Downloaded Historic Data"
2021-01-27 09:53:33,"npcc","Downloaded Forecast"
2021-01-27 09:53:27,"npcc","Logged In"
2021-01-26 17:18:16,"admin","Downloaded Performance Data"
2021-01-26 17:18:14,"admin","Downloaded Historic Data"
2021-01-26 17:18:11,"admin","Downloaded Forecast"
2021-01-26 17:18:05,"admin","Logged In"
2021-01-26 16:35:40,"admin","Downloaded Performance Data"
2021-01-26 16:35:37,"admin","Downloaded Historic Data"
2021-01-26 16:35:35,"admin","Downloaded Forecast"
2021-01-26 16:35:29,"admin","Logged In"
2021-01-26 10:25:06,"npcc","Downloaded Performance Data"
2021-01-26 10:25:04,"npcc","Downloaded Historic Data"
2021-01-26 10:25:01,"npcc","Downloaded Forecast"
2021-01-26 10:24:57,"npcc","Logged In"
2021-01-26 10:16:42,"admin","Downloaded Performance Data"
2021-01-26 10:16:39,"admin","Downloaded Historic Data"
2021-01-26 10:16:37,"admin","Downloaded Forecast"
2021-01-26 10:16:32,"admin","Logged In"
2021-01-26 10:10:52,"admin","Downloaded Performance Data"
2021-01-26 10:10:50,"admin","Downloaded Historic Data"
2021-01-26 10:10:48,"admin","Downloaded Forecast"
2021-01-26 10:10:42,"admin","Logged In"
2021-01-26 10:10:12,"npcc","Downloaded Performance Data"
2021-01-26 10:10:09,"npcc","Downloaded Historic Data"
2021-01-26 10:10:07,"npcc","Downloaded Forecast"
2021-01-26 10:10:01,"npcc","Logged In"
2021-01-26 09:46:57,"npcc","Uploaded New Data"
2021-01-26 09:46:07,"npcc","Uploaded New Data"
2021-01-26 09:36:20,"npcc","Downloaded Performance Data"
2021-01-26 09:36:17,"npcc","Downloaded Historic Data"
2021-01-26 09:36:15,"npcc","Downloaded Forecast"
2021-01-26 09:36:08,"npcc","Logged In"
2021-01-25 17:13:17,"admin","Downloaded Performance Data"
2021-01-25 17:13:15,"admin","Downloaded Historic Data"
2021-01-25 17:13:12,"admin","Downloaded Forecast"
2021-01-25 17:13:06,"admin","Logged In"
2021-01-25 15:14:04,"npcc","Downloaded Performance Data"
2021-01-25 15:14:02,"npcc","Downloaded Historic Data"
2021-01-25 15:13:59,"npcc","Downloaded Forecast"
2021-01-25 15:13:51,"npcc","Logged In"
2021-01-25 10:54:21,"npcc","Downloaded Performance Data"
2021-01-25 10:54:18,"npcc","Downloaded Historic Data"
2021-01-25 10:54:16,"npcc","Downloaded Forecast"
2021-01-25 10:54:10,"npcc","Logged In"
2021-01-25 10:10:31,"admin","Downloaded Performance Data"
2021-01-25 10:10:28,"admin","Downloaded Historic Data"
2021-01-25 10:10:26,"admin","Downloaded Forecast"
2021-01-25 10:10:20,"admin","Logged In"
2021-01-25 09:25:38,"admin","Downloaded Performance Data"
2021-01-25 09:25:36,"admin","Downloaded Historic Data"
2021-01-25 09:25:33,"admin","Downloaded Forecast"
2021-01-25 09:25:28,"admin","Logged In"
2021-01-25 09:23:49,"npcc","Uploaded New Data"
2021-01-25 09:16:52,"npcc","Downloaded Performance Data"
2021-01-25 09:16:49,"npcc","Downloaded Historic Data"
2021-01-25 09:16:47,"npcc","Downloaded Forecast"
2021-01-25 09:16:41,"npcc","Logged In"
2021-01-24 23:16:46,"admin","Downloaded Performance Data"
2021-01-24 23:16:44,"admin","Downloaded Historic Data"
2021-01-24 23:16:42,"admin","Downloaded Forecast"
2021-01-24 23:16:36,"admin","Logged In"
2021-01-24 22:54:02,"admin","Downloaded Performance Data"
2021-01-24 22:54:00,"admin","Downloaded Historic Data"
2021-01-24 22:53:58,"admin","Downloaded Forecast"
2021-01-24 22:53:52,"admin","Logged In"
2021-01-24 21:29:01,"npcc","Uploaded New Data"
2021-01-24 21:24:35,"npcc","Downloaded Performance Data"
2021-01-24 21:24:33,"npcc","Downloaded Historic Data"
2021-01-24 21:24:31,"npcc","Downloaded Forecast"
2021-01-24 21:24:26,"npcc","Logged In"
2021-01-24 21:24:02,"admin","Downloaded Performance Data"
2021-01-24 21:24:00,"admin","Downloaded Historic Data"
2021-01-24 21:23:57,"admin","Downloaded Forecast"
2021-01-24 21:23:51,"admin","Logged In"
2021-01-24 16:31:36,"admin","Downloaded Performance Data"
2021-01-24 16:31:34,"admin","Downloaded Historic Data"
2021-01-24 16:31:31,"admin","Downloaded Forecast"
2021-01-24 16:31:25,"admin","Logged In"
2021-01-24 13:26:20,"admin","Downloaded Performance Data"
2021-01-24 13:26:18,"admin","Downloaded Historic Data"
2021-01-24 13:26:16,"admin","Downloaded Forecast"
2021-01-24 13:26:10,"admin","Logged In"
2021-01-24 11:29:29,"admin","Downloaded Performance Data"
2021-01-24 11:29:27,"admin","Downloaded Historic Data"
2021-01-24 11:29:25,"admin","Downloaded Forecast"
2021-01-24 11:29:20,"admin","Logged In"
2021-01-24 09:02:38,"admin","Downloaded Performance Data"
2021-01-24 09:02:36,"admin","Downloaded Historic Data"
2021-01-24 09:02:34,"admin","Downloaded Forecast"
2021-01-24 09:02:27,"admin","Logged In"
2021-01-23 23:13:45,"npcc","Uploaded New Data"
2021-01-23 23:09:10,"npcc","Downloaded Performance Data"
2021-01-23 23:09:08,"npcc","Downloaded Historic Data"
2021-01-23 23:09:06,"npcc","Downloaded Forecast"
2021-01-23 23:09:00,"npcc","Logged In"
2021-01-23 14:57:35,"admin","Downloaded Performance Data"
2021-01-23 14:57:33,"admin","Downloaded Historic Data"
2021-01-23 14:57:30,"admin","Downloaded Forecast"
2021-01-23 14:57:24,"admin","Logged In"
2021-01-22 15:54:16,"admin","Downloaded Performance Data"
2021-01-22 15:54:13,"admin","Downloaded Historic Data"
2021-01-22 15:54:11,"admin","Downloaded Forecast"
2021-01-22 15:54:04,"admin","Logged In"
2021-01-22 15:00:43,"admin","Downloaded Performance Data"
2021-01-22 15:00:40,"admin","Downloaded Historic Data"
2021-01-22 15:00:38,"admin","Downloaded Forecast"
2021-01-22 15:00:31,"admin","Logged In"
2021-01-22 10:53:38,"admin","Downloaded Performance Data"
2021-01-22 10:53:35,"admin","Downloaded Historic Data"
2021-01-22 10:53:33,"admin","Downloaded Forecast"
2021-01-22 10:53:27,"admin","Logged In"
2021-01-22 10:25:34,"npcc","Logged In"
2021-01-22 10:25:26,"npcc","Downloaded Performance Data"
2021-01-22 10:25:23,"npcc","Downloaded Historic Data"
2021-01-22 10:25:21,"npcc","Downloaded Forecast"
2021-01-22 10:25:15,"npcc","Logged In"
2021-01-22 10:23:59,"npcc","Uploaded New Data"
2021-01-22 10:21:12,"npcc","Downloaded Performance Data"
2021-01-22 10:21:09,"npcc","Downloaded Historic Data"
2021-01-22 10:21:06,"npcc","Downloaded Forecast"
2021-01-22 10:20:59,"npcc","Logged In"
2020-12-16 12:06:03,"npcc","Downloaded Performance Data"
2020-12-16 12:06:01,"npcc","Downloaded Historic Data"
2020-12-16 12:05:59,"npcc","Downloaded Forecast"
2020-12-16 12:05:54,"npcc","Logged In"
2020-12-16 11:13:10,"npcc","Downloaded Performance Data"
2020-12-16 11:13:08,"npcc","Downloaded Historic Data"
2020-12-16 11:13:06,"npcc","Downloaded Forecast"
2020-12-16 11:13:02,"npcc","Logged In"
2020-12-16 11:11:48,"npcc","Logged In"
2020-12-16 11:11:42,"npcc","Downloaded Performance Data"
2020-12-16 11:11:39,"npcc","Downloaded Historic Data"
2020-12-16 11:11:37,"npcc","Downloaded Forecast"
2020-12-16 11:11:33,"npcc","Logged In"
2020-12-16 11:11:17,"admin","Downloaded Performance Data"
2020-12-16 11:11:15,"admin","Downloaded Historic Data"
2020-12-16 11:11:13,"admin","Downloaded Forecast"
2020-12-16 11:11:08,"admin","Logged In"
2020-12-16 11:08:16,"npcc","Downloaded Performance Data"
2020-12-16 11:08:14,"npcc","Downloaded Historic Data"
2020-12-16 11:08:11,"npcc","Downloaded Forecast"
2020-12-16 11:08:07,"npcc","Logged In"
2020-12-16 11:06:13,"npcc","Uploaded New Data"
2020-12-16 11:06:02,"npcc","Uploaded New Data"
2020-12-16 11:02:56,"npcc","Downloaded Performance Data"
2020-12-16 11:02:54,"npcc","Downloaded Historic Data"
2020-12-16 11:02:52,"npcc","Downloaded Forecast"
2020-12-16 11:02:47,"npcc","Logged In"
2020-12-16 10:50:05,"admin","Downloaded Performance Data"
2020-12-16 10:50:03,"admin","Downloaded Historic Data"
2020-12-16 10:50:01,"admin","Downloaded Forecast"
2020-12-16 10:49:56,"admin","Logged In"
2020-12-16 10:46:11,"admin","Downloaded Performance Data"
2020-12-16 10:46:08,"admin","Downloaded Historic Data"
2020-12-16 10:46:06,"admin","Downloaded Forecast"
2020-12-16 10:46:02,"admin","Logged In"
2020-12-16 09:57:15,"npcc","Logged In"
2020-12-16 09:56:35,"npcc","Downloaded Performance Data"
2020-12-16 09:56:32,"npcc","Downloaded Historic Data"
2020-12-16 09:56:30,"npcc","Downloaded Forecast"
2020-12-16 09:56:27,"npcc","Logged In"
2020-12-16 09:26:51,"npcc","Downloaded Performance Data"
2020-12-16 09:26:49,"npcc","Downloaded Historic Data"
2020-12-16 09:26:46,"npcc","Logged In"
2020-12-16 09:26:21,"npcc","Tried to log In with password ohmslaw"
2020-12-15 15:34:31,"npcc","Downloaded Performance Data"
2020-12-15 15:34:29,"npcc","Downloaded Historic Data"
2020-12-15 15:34:26,"npcc","Downloaded Forecast"
2020-12-15 15:34:21,"npcc","Logged In"
2020-12-15 15:05:48,"npcc","Downloaded Performance Data"
2020-12-15 15:05:46,"npcc","Downloaded Historic Data"
2020-12-15 15:05:43,"npcc","Downloaded Forecast"
2020-12-15 15:05:38,"npcc","Logged In"
2020-12-15 13:42:45,"admin","Downloaded Performance Data"
2020-12-15 13:42:42,"admin","Downloaded Historic Data"
2020-12-15 13:42:39,"admin","Downloaded Forecast"
2020-12-15 13:42:34,"admin","Logged In"
2020-12-15 12:44:40,"npcc","Downloaded Performance Data"
2020-12-15 12:44:38,"npcc","Downloaded Historic Data"
2020-12-15 12:44:35,"npcc","Downloaded Forecast"
2020-12-15 12:44:31,"npcc","Logged In"
2020-12-15 12:32:34,"npcc","Downloaded Performance Data"
2020-12-15 12:32:32,"npcc","Downloaded Historic Data"
2020-12-15 12:32:30,"npcc","Downloaded Forecast"
2020-12-15 12:32:25,"npcc","Logged In"
2020-12-15 10:44:42,"npcc","Downloaded Performance Data"
2020-12-15 10:44:39,"npcc","Downloaded Historic Data"
2020-12-15 10:44:37,"npcc","Downloaded Forecast"
2020-12-15 10:44:33,"npcc","Logged In"
2020-12-15 10:38:44,"npcc","Downloaded Performance Data"
2020-12-15 10:38:42,"npcc","Downloaded Historic Data"
2020-12-15 10:38:39,"npcc","Downloaded Forecast"
2020-12-15 10:38:35,"npcc","Logged In"
2020-12-15 10:37:46,"npcc","Downloaded Performance Data"
2020-12-15 10:37:43,"npcc","Downloaded Historic Data"
2020-12-15 10:37:41,"npcc","Downloaded Forecast"
2020-12-15 10:37:36,"npcc","Logged In"
2020-12-15 09:40:35,"npcc","Uploaded New Data"
2020-12-15 09:38:25,"npcc","Downloaded Performance Data"
2020-12-15 09:38:23,"npcc","Downloaded Historic Data"
2020-12-15 09:38:20,"npcc","Downloaded Forecast"
2020-12-15 09:38:15,"npcc","Logged In"
2020-12-14 21:36:25,"admin","Downloaded Performance Data"
2020-12-14 21:36:23,"admin","Downloaded Historic Data"
2020-12-14 21:36:20,"admin","Downloaded Forecast"
2020-12-14 21:36:15,"admin","Logged In"
2020-12-14 16:43:36,"admin","Downloaded Performance Data"
2020-12-14 16:43:34,"admin","Downloaded Historic Data"
2020-12-14 16:43:31,"admin","Downloaded Forecast"
2020-12-14 16:43:26,"admin","Logged In"
2020-12-14 15:12:13,"npcc","Uploaded New Data"
2020-12-14 15:09:37,"npcc","Downloaded Performance Data"
2020-12-14 15:09:34,"npcc","Downloaded Historic Data"
2020-12-14 15:09:32,"npcc","Downloaded Forecast"
2020-12-14 15:09:28,"npcc","Logged In"
2020-12-14 15:06:49,"npcc","Downloaded Performance Data"
2020-12-14 15:06:47,"npcc","Downloaded Historic Data"
2020-12-14 15:06:44,"npcc","Downloaded Forecast"
2020-12-14 15:06:40,"npcc","Logged In"
2020-12-14 15:05:09,"npcc","Downloaded Performance Data"
2020-12-14 15:05:06,"npcc","Downloaded Historic Data"
2020-12-14 15:05:03,"npcc","Downloaded Forecast"
2020-12-14 15:04:59,"npcc","Logged In"
2020-12-14 12:07:46,"admin","Downloaded Performance Data"
2020-12-14 12:07:43,"admin","Downloaded Historic Data"
2020-12-14 12:07:40,"admin","Downloaded Forecast"
2020-12-14 12:07:35,"admin","Logged In"
2020-12-14 11:38:15,"admin","Downloaded Performance Data"
2020-12-14 11:38:13,"admin","Downloaded Historic Data"
2020-12-14 11:38:10,"admin","Downloaded Forecast"
2020-12-14 11:38:05,"admin","Logged In"
2020-12-14 10:58:24,"admin","Downloaded Performance Data"
2020-12-14 10:58:22,"admin","Downloaded Historic Data"
2020-12-14 10:58:19,"admin","Downloaded Forecast"
2020-12-14 10:58:15,"admin","Logged In"
2020-12-14 10:55:01,"admin","Tried to log In with password energyq"
2020-12-13 17:33:40,"user","Downloaded Performance Data"
2020-12-13 17:33:38,"user","Downloaded Historic Data"
2020-12-13 17:33:35,"user","Downloaded Forecast"
2020-12-13 17:33:30,"user","Logged In"
2020-12-13 12:37:07,"admin","Downloaded Performance Data"
2020-12-13 12:37:05,"admin","Downloaded Historic Data"
2020-12-13 12:37:03,"admin","Downloaded Forecast"
2020-12-13 12:36:59,"admin","Logged In"
2020-12-13 12:32:22,"npcc","Uploaded New Data"
2020-12-13 12:31:09,"npcc","Downloaded Performance Data"
2020-12-13 12:31:06,"npcc","Downloaded Historic Data"
2020-12-13 12:31:04,"npcc","Downloaded Forecast"
2020-12-13 12:31:00,"npcc","Logged In"
2020-12-13 12:20:34,"admin","Downloaded Performance Data"
2020-12-13 12:20:32,"admin","Downloaded Historic Data"
2020-12-13 12:20:30,"admin","Downloaded Forecast"
2020-12-13 12:20:26,"admin","Logged In"
2020-12-13 11:21:11,"admin","Logged In"
2020-12-13 11:21:03,"admin","Downloaded Performance Data"
2020-12-13 11:21:01,"admin","Downloaded Historic Data"
2020-12-13 11:20:59,"admin","Downloaded Forecast"
2020-12-13 11:20:55,"admin","Logged In"
2020-12-13 11:00:56,"admin","Downloaded Performance Data"
2020-12-13 11:00:54,"admin","Downloaded Historic Data"
2020-12-13 11:00:52,"admin","Downloaded Forecast"
2020-12-13 11:00:48,"admin","Logged In"
2020-12-13 10:34:34,"admin","Logged In"
2020-12-13 10:34:26,"admin","Downloaded Performance Data"
2020-12-13 10:34:24,"admin","Downloaded Historic Data"
2020-12-13 10:34:22,"admin","Downloaded Forecast"
2020-12-13 10:34:18,"admin","Logged In"
2020-12-13 10:23:20,"npcc","Uploaded New Data"
2020-12-13 10:21:37,"npcc","Uploaded New Data"
2020-12-13 10:18:59,"npcc","Uploaded New Data"
2020-12-13 10:14:46,"npcc","Uploaded New Data"
2020-12-13 10:11:14,"npcc","Uploaded New Data"
2020-12-13 10:03:11,"npcc","Uploaded New Data"
2020-12-13 10:01:06,"npcc","Uploaded New Data"
2020-12-13 09:51:45,"npcc","Downloaded Performance Data"
2020-12-13 09:51:43,"npcc","Downloaded Historic Data"
2020-12-13 09:51:40,"npcc","Downloaded Forecast"
2020-12-13 09:51:36,"npcc","Logged In"
2020-12-13 09:50:32,"npcc","Downloaded Performance Data"
2020-12-13 09:50:30,"npcc","Downloaded Historic Data"
2020-12-13 09:50:27,"npcc","Downloaded Forecast"
2020-12-13 09:50:22,"npcc","Logged In"
2020-12-11 11:13:40,"npcc","Downloaded Performance Data"
2020-12-11 11:13:37,"npcc","Downloaded Historic Data"
2020-12-11 11:13:35,"npcc","Downloaded Forecast"
2020-12-11 11:13:30,"npcc","Logged In"
2020-12-11 10:55:46,"npcc","Downloaded Performance Data"
2020-12-11 10:55:43,"npcc","Downloaded Historic Data"
2020-12-11 10:55:41,"npcc","Downloaded Forecast"
2020-12-11 10:55:37,"npcc","Logged In"
2020-12-11 10:55:00,"npcc","Downloaded Performance Data"
2020-12-11 10:54:58,"npcc","Downloaded Historic Data"
2020-12-11 10:54:55,"npcc","Downloaded Forecast"
2020-12-11 10:54:51,"npcc","Logged In"
2020-12-11 10:06:21,"npcc","Uploaded New Data"
2020-12-11 10:02:52,"npcc","Downloaded Performance Data"
2020-12-11 10:02:50,"npcc","Downloaded Historic Data"
2020-12-11 10:02:48,"npcc","Downloaded Forecast"
2020-12-11 10:02:44,"npcc","Logged In"
2020-12-11 10:02:00,"npcc","Downloaded Performance Data"
2020-12-11 10:01:58,"npcc","Downloaded Historic Data"
2020-12-11 10:01:56,"npcc","Downloaded Forecast"
2020-12-11 10:01:52,"npcc","Logged In"
2020-12-11 10:01:12,"npcc","Downloaded Performance Data"
2020-12-11 10:01:10,"npcc","Downloaded Historic Data"
2020-12-11 10:01:08,"npcc","Downloaded Forecast"
2020-12-11 10:01:02,"npcc","Logged In"
2020-12-10 11:28:56,"admin","Downloaded Performance Data"
2020-12-10 11:28:53,"admin","Downloaded Historic Data"
2020-12-10 11:28:51,"admin","Downloaded Forecast"
2020-12-10 11:28:46,"admin","Logged In"
2020-12-10 10:51:13,"npcc","Downloaded Performance Data"
2020-12-10 10:51:11,"npcc","Downloaded Historic Data"
2020-12-10 10:51:08,"npcc","Downloaded Forecast"
2020-12-10 10:51:04,"npcc","Logged In"
2020-12-10 10:47:02,"npcc","Downloaded Performance Data"
2020-12-10 10:46:59,"npcc","Downloaded Historic Data"
2020-12-10 10:46:56,"npcc","Downloaded Forecast"
2020-12-10 10:46:52,"npcc","Logged In"
2020-12-10 09:53:04,"npcc","Uploaded New Data"
2020-12-10 09:49:29,"npcc","Downloaded Performance Data"
2020-12-10 09:49:27,"npcc","Downloaded Historic Data"
2020-12-10 09:49:25,"npcc","Downloaded Forecast"
2020-12-10 09:49:19,"npcc","Logged In"
2020-12-09 20:23:16,"admin","Downloaded Performance Data"
2020-12-09 20:23:11,"admin","Downloaded Historic Data"
2020-12-09 20:23:06,"admin","Downloaded Forecast"
2020-12-09 20:22:58,"admin","Logged In"
2020-12-09 15:39:46,"admin","Downloaded Performance Data"
2020-12-09 15:39:42,"admin","Downloaded Historic Data"
2020-12-09 15:39:40,"admin","Downloaded Forecast"
2020-12-09 15:39:33,"admin","Logged In"
2020-12-09 14:02:02,"npcc","Downloaded Performance Data"
2020-12-09 14:01:58,"npcc","Downloaded Historic Data"
2020-12-09 14:01:55,"npcc","Downloaded Forecast"
2020-12-09 14:01:49,"npcc","Logged In"
2020-12-09 12:30:57,"npcc","Downloaded Performance Data"
2020-12-09 12:30:55,"npcc","Downloaded Historic Data"
2020-12-09 12:30:52,"npcc","Downloaded Forecast"
2020-12-09 12:30:48,"npcc","Logged In"
2020-12-09 12:29:58,"npcc","Downloaded Performance Data"
2020-12-09 12:29:56,"npcc","Downloaded Historic Data"
2020-12-09 12:29:53,"npcc","Downloaded Forecast"
2020-12-09 12:29:48,"npcc","Logged In"
2020-12-09 12:14:59,"npcc","Downloaded Performance Data"
2020-12-09 12:14:56,"npcc","Downloaded Historic Data"
2020-12-09 12:14:52,"npcc","Downloaded Forecast"
2020-12-09 12:14:46,"npcc","Logged In"
2020-12-09 11:10:24,"admin","Downloaded Performance Data"
2020-12-09 11:10:21,"admin","Downloaded Historic Data"
2020-12-09 11:10:17,"admin","Downloaded Forecast"
2020-12-09 11:10:11,"admin","Logged In"
2020-12-09 10:54:02,"npcc","Downloaded Performance Data"
2020-12-09 10:54:00,"npcc","Downloaded Historic Data"
2020-12-09 10:53:57,"npcc","Downloaded Forecast"
2020-12-09 10:53:53,"npcc","Logged In"
2020-12-09 10:53:21,"npcc","Downloaded Performance Data"
2020-12-09 10:53:18,"npcc","Downloaded Historic Data"
2020-12-09 10:53:15,"npcc","Downloaded Forecast"
2020-12-09 10:53:10,"npcc","Logged In"
2020-12-09 09:44:03,"npcc","Uploaded New Data"
2020-12-09 09:39:15,"npcc","Downloaded Performance Data"
2020-12-09 09:39:10,"npcc","Downloaded Historic Data"
2020-12-09 09:39:03,"npcc","Downloaded Forecast"
2020-12-09 09:38:37,"npcc","Logged In"
2020-12-09 09:36:07,"npcc","Downloaded Performance Data"
2020-12-09 09:35:46,"npcc","Downloaded Historic Data"
2020-12-09 09:35:40,"npcc","Downloaded Forecast"
2020-12-09 09:35:09,"npcc","Logged In"
2020-12-09 09:33:04,"npcc","Downloaded Performance Data"
2020-12-09 09:32:36,"npcc","Downloaded Historic Data"
2020-12-09 09:32:28,"npcc","Downloaded Forecast"
2020-12-09 09:32:11,"npcc","Logged In"
2020-12-08 15:34:57,"npcc","Downloaded Performance Data"
2020-12-08 15:34:55,"npcc","Downloaded Historic Data"
2020-12-08 15:34:52,"npcc","Downloaded Forecast"
2020-12-08 15:34:47,"npcc","Logged In"
2020-12-08 14:50:39,"admin","Downloaded Performance Data"
2020-12-08 14:50:37,"admin","Downloaded Historic Data"
2020-12-08 14:50:35,"admin","Downloaded Forecast"
2020-12-08 14:50:30,"admin","Logged In"
2020-12-08 14:43:54,"npcc","Downloaded Performance Data"
2020-12-08 14:43:52,"npcc","Downloaded Historic Data"
2020-12-08 14:43:49,"npcc","Downloaded Forecast"
2020-12-08 14:43:44,"npcc","Logged In"
2020-12-08 14:12:19,"admin","Downloaded Performance Data"
2020-12-08 14:12:16,"admin","Downloaded Historic Data"
2020-12-08 14:12:14,"admin","Downloaded Forecast"
2020-12-08 14:12:08,"admin","Logged In"
2020-12-08 12:00:52,"npcc","Downloaded Performance Data"
2020-12-08 12:00:50,"npcc","Downloaded Historic Data"
2020-12-08 12:00:47,"npcc","Downloaded Forecast"
2020-12-08 12:00:43,"npcc","Logged In"
2020-12-08 11:48:10,"npcc","Downloaded Performance Data"
2020-12-08 11:48:07,"npcc","Downloaded Historic Data"
2020-12-08 11:48:05,"npcc","Downloaded Forecast"
2020-12-08 11:48:01,"npcc","Logged In"
2020-12-08 10:28:39,"npcc","Downloaded Performance Data"
2020-12-08 10:28:37,"npcc","Downloaded Historic Data"
2020-12-08 10:28:35,"npcc","Downloaded Forecast"
2020-12-08 10:28:31,"npcc","Logged In"
2020-12-08 10:21:02,"npcc","Uploaded New Data"
2020-12-08 10:20:48,"npcc","Uploaded New Data"
2020-12-08 10:18:05,"npcc","Downloaded Performance Data"
2020-12-08 10:18:03,"npcc","Downloaded Historic Data"
2020-12-08 10:18:00,"npcc","Downloaded Forecast"
2020-12-08 10:17:56,"npcc","Logged In"
2020-12-08 10:00:54,"admin","Downloaded Performance Data"
2020-12-08 10:00:51,"admin","Downloaded Historic Data"
2020-12-08 10:00:49,"admin","Downloaded Forecast"
2020-12-08 10:00:44,"admin","Logged In"
2020-12-08 09:51:02,"npcc","Uploaded New Data"
2020-12-08 09:50:50,"npcc","Uploaded New Data"
2020-12-08 09:44:01,"npcc","Downloaded Performance Data"
2020-12-08 09:43:59,"npcc","Downloaded Historic Data"
2020-12-08 09:43:56,"npcc","Downloaded Forecast"
2020-12-08 09:43:52,"npcc","Logged In"
2020-12-08 09:42:01,"npcc","Downloaded Performance Data"
2020-12-08 09:41:59,"npcc","Downloaded Historic Data"
2020-12-08 09:41:56,"npcc","Downloaded Forecast"
2020-12-08 09:41:52,"npcc","Logged In"
2020-12-08 09:39:26,"npcc","Downloaded Performance Data"
2020-12-08 09:39:24,"npcc","Downloaded Historic Data"
2020-12-08 09:39:22,"npcc","Downloaded Forecast"
2020-12-08 09:39:17,"npcc","Logged In"
2020-12-08 09:37:30,"npcc","Downloaded Performance Data"
2020-12-08 09:37:27,"npcc","Downloaded Historic Data"
2020-12-08 09:37:25,"npcc","Downloaded Forecast"
2020-12-08 09:37:20,"npcc","Logged In"
2020-12-08 09:35:53,"npcc","Tried to log In with password homslaw1234"
2020-12-08 09:35:49,"npcc","Tried to log In with password homslaw1234"
2020-12-08 09:35:42,"npcc","Tried to log In with password homslaw1234"
2020-12-07 18:31:31,"admin","Downloaded Performance Data"
2020-12-07 18:31:28,"admin","Downloaded Historic Data"
2020-12-07 18:31:25,"admin","Downloaded Forecast"
2020-12-07 18:31:17,"admin","Logged In"
2020-12-07 13:33:45,"npcc","Downloaded Performance Data"
2020-12-07 13:33:42,"npcc","Downloaded Historic Data"
2020-12-07 13:33:40,"npcc","Downloaded Forecast"
2020-12-07 13:33:35,"npcc","Logged In"
2020-12-07 13:01:20,"admin","Downloaded Performance Data"
2020-12-07 13:01:17,"admin","Downloaded Historic Data"
2020-12-07 13:01:15,"admin","Downloaded Forecast"
2020-12-07 13:01:09,"admin","Logged In"
2020-12-07 12:55:20,"admin","Downloaded Performance Data"
2020-12-07 12:55:15,"admin","Downloaded Historic Data"
2020-12-07 12:55:09,"admin","Downloaded Forecast"
2020-12-07 12:54:59,"admin","Logged In"
2020-12-07 12:48:42,"admin","Downloaded Performance Data"
2020-12-07 12:48:36,"admin","Downloaded Historic Data"
2020-12-07 12:48:31,"admin","Downloaded Forecast"
2020-12-07 12:48:21,"admin","Logged In"
2020-12-07 12:45:55,"admin","Downloaded Performance Data"
2020-12-07 12:45:50,"admin","Downloaded Historic Data"
2020-12-07 12:45:45,"admin","Downloaded Forecast"
2020-12-07 12:45:34,"admin","Logged In"
2020-12-07 12:44:11,"admin","Downloaded Performance Data"
2020-12-07 12:44:09,"admin","Downloaded Historic Data"
2020-12-07 12:44:06,"admin","Downloaded Forecast"
2020-12-07 12:44:02,"admin","Logged In"
2020-12-07 12:16:58,"npcc","Downloaded Performance Data"
2020-12-07 12:16:56,"npcc","Downloaded Historic Data"
2020-12-07 12:16:53,"npcc","Downloaded Forecast"
2020-12-07 12:16:49,"npcc","Logged In"
2020-12-07 11:23:07,"admin","Downloaded Performance Data"
2020-12-07 11:23:04,"admin","Downloaded Historic Data"
2020-12-07 11:23:02,"admin","Downloaded Forecast"
2020-12-07 11:22:57,"admin","Logged In"
2020-12-07 11:22:45,"admin","Tried to log In with password energ"
2020-12-07 11:22:43,"admin","Tried to log In with password energ"
2020-12-07 11:07:04,"npcc","Uploaded New Data"
2020-12-07 11:06:35,"npcc","Uploaded New Data"
2020-12-07 10:38:34,"admin","Downloaded Performance Data"
2020-12-07 10:38:32,"admin","Downloaded Historic Data"
2020-12-07 10:38:30,"admin","Downloaded Forecast"
2020-12-07 10:38:25,"admin","Logged In"
2020-12-07 10:35:09,"npcc","Uploaded New Data"
2020-12-07 10:32:24,"npcc","Downloaded Performance Data"
2020-12-07 10:32:21,"npcc","Downloaded Historic Data"
2020-12-07 10:32:19,"npcc","Downloaded Forecast"
2020-12-07 10:32:14,"npcc","Logged In"
2020-12-07 10:07:55,"npcc","Downloaded Performance Data"
2020-12-07 10:07:53,"npcc","Downloaded Historic Data"
2020-12-07 10:07:51,"npcc","Downloaded Forecast"
2020-12-07 10:07:46,"npcc","Logged In"
2020-12-07 09:39:41,"npcc","Uploaded New Data"
2020-12-07 09:38:50,"npcc","Uploaded New Data"
2020-12-07 09:33:55,"npcc","Downloaded Performance Data"
2020-12-07 09:33:53,"npcc","Downloaded Historic Data"
2020-12-07 09:33:50,"npcc","Downloaded Forecast"
2020-12-07 09:33:44,"npcc","Logged In"
2020-12-07 09:33:19,"npcc","Tried to log In with password "
2020-12-07 09:22:08,"admin","Downloaded Performance Data"
2020-12-07 09:22:06,"admin","Downloaded Historic Data"
2020-12-07 09:22:04,"admin","Downloaded Forecast"
2020-12-07 09:21:59,"admin","Logged In"
2020-12-07 09:16:06,"npcc","Downloaded Performance Data"
2020-12-07 09:16:03,"npcc","Downloaded Historic Data"
2020-12-07 09:16:01,"npcc","Downloaded Forecast"
2020-12-07 09:15:55,"npcc","Logged In"
2020-12-06 18:11:31,"admin","Downloaded Performance Data"
2020-12-06 18:11:28,"admin","Downloaded Historic Data"
2020-12-06 18:11:26,"admin","Downloaded Forecast"
2020-12-06 18:11:20,"admin","Logged In"
2020-12-06 15:39:29,"admin","Downloaded Performance Data"
2020-12-06 15:39:22,"admin","Downloaded Historic Data"
2020-12-06 15:39:16,"admin","Downloaded Forecast"
2020-12-06 15:39:04,"admin","Logged In"
2020-12-06 14:58:16,"admin","Downloaded Historic Data"
2020-12-06 14:58:14,"admin","Downloaded Historic Data"
2020-12-06 14:58:12,"admin","Downloaded Forecast"
2020-12-06 14:58:08,"admin","Logged In"
2020-12-06 14:55:03,"admin","Downloaded Historic Data"
2020-12-06 14:55:00,"admin","Downloaded Forecast"
2020-12-06 14:54:56,"admin","Logged In"
2020-12-06 13:17:13,"npcc","Downloaded Historic Data"
2020-12-06 13:17:10,"npcc","Downloaded Historic Data"
2020-12-06 13:17:08,"npcc","Downloaded Forecast"
2020-12-06 13:17:05,"npcc","Logged In"
2020-12-06 13:16:24,"npcc","Downloaded Historic Data"
2020-12-06 13:16:22,"npcc","Downloaded Historic Data"
2020-12-06 13:16:20,"npcc","Downloaded Forecast"
2020-12-06 13:16:18,"npcc","Logged In"
2020-12-06 13:11:16,"npcc","Downloaded Historic Data"
2020-12-06 13:11:14,"npcc","Downloaded Historic Data"
2020-12-06 13:11:11,"npcc","Downloaded Forecast"
2020-12-06 13:11:08,"npcc","Logged In"
2020-12-06 11:38:54,"admin","Downloaded Historic Data"
2020-12-06 11:38:52,"admin","Downloaded Historic Data"
2020-12-06 11:38:50,"admin","Downloaded Forecast"
2020-12-06 11:38:46,"admin","Logged In"
2020-12-06 11:16:25,"admin","Downloaded Historic Data"
2020-12-06 11:16:23,"admin","Downloaded Historic Data"
2020-12-06 11:16:20,"admin","Downloaded Forecast"
2020-12-06 11:16:16,"admin","Logged In"
2020-12-06 11:13:58,"admin","Downloaded Historic Data"
2020-12-06 11:13:56,"admin","Downloaded Historic Data"
2020-12-06 11:13:53,"admin","Downloaded Forecast"
2020-12-06 11:13:51,"admin","Logged In"
2020-12-06 11:01:09,"npcc","Downloaded Historic Data"
2020-12-06 11:01:07,"npcc","Downloaded Historic Data"
2020-12-06 11:01:04,"npcc","Downloaded Forecast"
2020-12-06 11:01:00,"npcc","Logged In"
2020-12-06 09:29:35,"npcc","Downloaded Historic Data"
2020-12-06 09:29:33,"npcc","Downloaded Historic Data"
2020-12-06 09:29:30,"npcc","Downloaded Forecast"
2020-12-06 09:29:26,"npcc","Logged In"
2020-12-05 14:38:47,"admin","Downloaded Historic Data"
2020-12-05 14:38:45,"admin","Downloaded Historic Data"
2020-12-05 14:38:42,"admin","Downloaded Forecast"
2020-12-05 14:38:39,"admin","Logged In"
2020-12-05 14:04:05,"admin","Uploaded New Data"
2020-12-05 14:01:12,"admin","Downloaded Historic Data"
2020-12-05 14:01:09,"admin","Downloaded Historic Data"
2020-12-05 14:01:07,"admin","Downloaded Forecast"
2020-12-05 14:01:04,"admin","Logged In"
2020-12-05 13:29:55,"admin","Downloaded Historic Data"
2020-12-05 13:29:53,"admin","Downloaded Historic Data"
2020-12-05 13:29:51,"admin","Downloaded Forecast"
2020-12-05 13:29:47,"admin","Logged In"
2020-12-05 13:23:06,"npcc","Downloaded Historic Data"
2020-12-05 13:23:04,"npcc","Downloaded Historic Data"
2020-12-05 13:23:01,"npcc","Downloaded Forecast"
2020-12-05 13:22:59,"npcc","Logged In"
2020-12-05 13:22:16,"npcc","Downloaded Historic Data"
2020-12-05 13:22:14,"npcc","Downloaded Historic Data"
2020-12-05 13:22:12,"npcc","Downloaded Forecast"
2020-12-05 13:22:09,"npcc","Logged In"
2020-12-05 12:50:22,"admin","Downloaded Historic Data"
2020-12-05 12:50:20,"admin","Downloaded Historic Data"
2020-12-05 12:50:18,"admin","Downloaded Forecast"
2020-12-05 12:50:14,"admin","Logged In"
2020-12-05 12:28:39,"npcc","Downloaded Historic Data"
2020-12-05 12:28:37,"npcc","Downloaded Historic Data"
2020-12-05 12:28:34,"npcc","Downloaded Forecast"
2020-12-05 12:28:31,"npcc","Logged In"
2020-12-05 12:27:51,"npcc","Downloaded Historic Data"
2020-12-05 12:27:48,"npcc","Downloaded Historic Data"
2020-12-05 12:27:46,"npcc","Downloaded Forecast"
2020-12-05 12:27:42,"npcc","Logged In"
2020-12-05 12:19:19,"npcc","Downloaded Historic Data"
2020-12-05 12:19:17,"npcc","Downloaded Historic Data"
2020-12-05 12:19:15,"npcc","Downloaded Forecast"
2020-12-05 12:19:12,"npcc","Logged In"
2020-12-05 12:19:06,"admin","Downloaded Historic Data"
2020-12-05 12:19:04,"admin","Downloaded Historic Data"
2020-12-05 12:19:02,"admin","Downloaded Forecast"
2020-12-05 12:18:59,"admin","Logged In"
2020-12-05 12:17:20,"npcc","Downloaded Historic Data"
2020-12-05 12:17:18,"npcc","Downloaded Historic Data"
2020-12-05 12:17:16,"npcc","Downloaded Forecast"
2020-12-05 12:17:12,"npcc","Logged In"
2020-12-05 12:11:28,"npcc","Downloaded Historic Data"
2020-12-05 12:11:26,"npcc","Downloaded Historic Data"
2020-12-05 12:11:24,"npcc","Downloaded Forecast"
2020-12-05 12:11:20,"npcc","Logged In"
2020-12-05 12:08:18,"admin","Downloaded Historic Data"
2020-12-05 12:08:16,"admin","Downloaded Historic Data"
2020-12-05 12:08:13,"admin","Downloaded Forecast"
2020-12-05 12:08:10,"admin","Logged In"
2020-12-05 11:55:13,"admin","Downloaded Historic Data"
2020-12-05 11:55:11,"admin","Downloaded Historic Data"
2020-12-05 11:55:08,"admin","Downloaded Forecast"
2020-12-05 11:55:04,"admin","Logged In"
2020-12-05 11:42:14,"admin","Downloaded Historic Data"
2020-12-05 11:42:06,"admin","Downloaded Historic Data"
2020-12-05 11:42:00,"admin","Downloaded Forecast"
2020-12-05 11:41:50,"admin","Logged In"
2020-12-05 11:33:55,"admin","Downloaded Historic Data"
2020-12-05 11:33:53,"admin","Downloaded Historic Data"
2020-12-05 11:33:51,"admin","Downloaded Forecast"
2020-12-05 11:33:46,"admin","Logged In"
2020-12-05 11:28:57,"admin","Downloaded Historic Data"
2020-12-05 11:28:55,"admin","Downloaded Historic Data"
2020-12-05 11:28:53,"admin","Downloaded Forecast"
2020-12-05 11:28:50,"admin","Logged In"
2020-12-05 11:28:25,"admin","Downloaded Historic Data"
2020-12-05 11:28:23,"admin","Downloaded Historic Data"
2020-12-05 11:28:20,"admin","Downloaded Forecast"
2020-12-05 11:28:17,"admin","Logged In"
2020-12-05 10:51:01,"npcc","Downloaded Historic Data"
2020-12-05 10:50:58,"npcc","Downloaded Forecast"
2020-12-05 10:50:55,"npcc","Logged In"
2020-12-05 10:18:43,"npcc","Downloaded Historic Data"
2020-12-05 10:18:40,"npcc","Downloaded Historic Data"
2020-12-05 10:18:38,"npcc","Downloaded Forecast"
2020-12-05 10:18:34,"npcc","Logged In"
2020-12-05 09:51:03,"npcc","Downloaded Historic Data"
2020-12-05 09:51:01,"npcc","Downloaded Historic Data"
2020-12-05 09:50:58,"npcc","Downloaded Forecast"
2020-12-05 09:50:55,"npcc","Logged In"
2020-12-05 09:37:56,"npcc","Downloaded Historic Data"
2020-12-05 09:37:54,"npcc","Downloaded Historic Data"
2020-12-05 09:37:51,"npcc","Downloaded Forecast"
2020-12-05 09:37:48,"npcc","Logged In"
2020-12-05 09:27:17,"npcc","Downloaded Historic Data"
2020-12-05 09:27:15,"npcc","Downloaded Historic Data"
2020-12-05 09:27:12,"npcc","Downloaded Forecast"
2020-12-05 09:27:09,"npcc","Logged In"
2020-12-05 09:17:33,"npcc","Downloaded Historic Data"
2020-12-05 09:17:31,"npcc","Downloaded Historic Data"
2020-12-05 09:17:28,"npcc","Downloaded Forecast"
2020-12-05 09:17:25,"npcc","Logged In"
2020-12-05 09:15:19,"npcc","Downloaded Historic Data"
2020-12-05 09:15:17,"npcc","Downloaded Historic Data"
2020-12-05 09:15:14,"npcc","Downloaded Forecast"
2020-12-05 09:15:11,"npcc","Logged In"
2020-12-05 09:12:33,"npcc","Downloaded Historic Data"
2020-12-05 09:12:31,"npcc","Downloaded Forecast"
2020-12-05 09:12:28,"npcc","Logged In"
2020-12-05 09:11:41,"npcc","Downloaded Historic Data"
2020-12-05 09:11:39,"npcc","Downloaded Historic Data"
2020-12-05 09:11:37,"npcc","Downloaded Forecast"
2020-12-05 09:11:34,"npcc","Logged In"
2020-12-05 09:08:44,"npcc","Downloaded Historic Data"
2020-12-05 09:08:42,"npcc","Downloaded Historic Data"
2020-12-05 09:08:39,"npcc","Downloaded Forecast"
2020-12-05 09:08:35,"npcc","Logged In"
2020-12-05 09:07:22,"npcc","Downloaded Historic Data"
2020-12-05 09:07:19,"npcc","Downloaded Historic Data"
2020-12-05 09:07:17,"npcc","Downloaded Forecast"
2020-12-05 09:07:14,"npcc","Logged In"
2020-12-05 09:06:11,"npcc","Downloaded Historic Data"
2020-12-05 09:06:09,"npcc","Downloaded Historic Data"
2020-12-05 09:06:07,"npcc","Downloaded Forecast"
2020-12-05 09:06:03,"npcc","Logged In"
2020-12-05 04:31:52,"npcc","Downloaded Historic Data"
2020-12-05 04:31:50,"npcc","Downloaded Historic Data"
2020-12-05 04:31:47,"npcc","Downloaded Forecast"
2020-12-05 04:31:45,"npcc","Logged In"
2020-12-05 04:29:49,"npcc","Downloaded Historic Data"
2020-12-05 04:29:47,"npcc","Downloaded Historic Data"
2020-12-05 04:29:44,"npcc","Downloaded Forecast"
2020-12-05 04:29:40,"npcc","Logged In"
2020-12-04 22:51:18,"admin","Downloaded Historic Data"
2020-12-04 22:51:15,"admin","Downloaded Historic Data"
2020-12-04 22:51:13,"admin","Downloaded Forecast"
2020-12-04 22:51:07,"admin","Logged In"
2020-12-04 13:54:50,"npcc","Logged In"
2020-12-04 13:54:44,"npcc","Downloaded Historic Data"
2020-12-04 13:54:42,"npcc","Downloaded Historic Data"
2020-12-04 13:54:40,"npcc","Downloaded Forecast"
2020-12-04 13:54:36,"npcc","Logged In"
2020-12-04 13:46:02,"npcc","Downloaded Historic Data"
2020-12-04 13:46:00,"npcc","Downloaded Historic Data"
2020-12-04 13:45:58,"npcc","Downloaded Forecast"
2020-12-04 13:45:54,"npcc","Logged In"
2020-12-04 12:06:48,"npcc","Downloaded Historic Data"
2020-12-04 12:06:45,"npcc","Downloaded Historic Data"
2020-12-04 12:06:43,"npcc","Downloaded Forecast"
2020-12-04 12:06:40,"npcc","Logged In"
2020-12-04 12:02:43,"npcc","Downloaded Historic Data"
2020-12-04 12:02:41,"npcc","Downloaded Historic Data"
2020-12-04 12:02:39,"npcc","Downloaded Forecast"
2020-12-04 12:02:35,"npcc","Logged In"
2020-12-04 11:26:50,"npcc","Downloaded Historic Data"
2020-12-04 11:26:48,"npcc","Downloaded Historic Data"
2020-12-04 11:26:46,"npcc","Downloaded Forecast"
2020-12-04 11:26:41,"npcc","Logged In"
2020-12-04 11:20:36,"npcc","Downloaded Historic Data"
2020-12-04 11:20:34,"npcc","Downloaded Historic Data"
2020-12-04 11:20:32,"npcc","Downloaded Forecast"
2020-12-04 11:20:28,"npcc","Logged In"
2020-12-04 10:04:59,"npcc","Uploaded New Data"
2020-12-04 10:04:47,"npcc","Uploaded New Data"
2020-12-04 09:58:32,"npcc","Downloaded Historic Data"
2020-12-04 09:58:29,"npcc","Downloaded Historic Data"
2020-12-04 09:58:27,"npcc","Downloaded Forecast"
2020-12-04 09:58:22,"npcc","Logged In"
2020-12-03 13:16:15,"admin","Downloaded Historic Data"
2020-12-03 13:16:13,"admin","Downloaded Historic Data"
2020-12-03 13:16:10,"admin","Downloaded Forecast"
2020-12-03 13:16:07,"admin","Logged In"
2020-12-03 10:35:43,"npcc","Uploaded New Data"
2020-12-03 10:31:42,"npcc","Downloaded Historic Data"
2020-12-03 10:31:40,"npcc","Downloaded Historic Data"
2020-12-03 10:31:37,"npcc","Downloaded Forecast"
2020-12-03 10:31:33,"npcc","Logged In"
2020-12-02 12:26:13,"npcc","Downloaded Historic Data"
2020-12-02 12:26:11,"npcc","Downloaded Historic Data"
2020-12-02 12:26:09,"npcc","Downloaded Forecast"
2020-12-02 12:26:04,"npcc","Logged In"
2020-12-02 12:10:37,"admin","Downloaded Historic Data"
2020-12-02 12:10:35,"admin","Downloaded Historic Data"
2020-12-02 12:10:33,"admin","Downloaded Forecast"
2020-12-02 12:10:29,"admin","Logged In"
2020-12-02 11:30:57,"npcc","Downloaded Historic Data"
2020-12-02 11:30:55,"npcc","Downloaded Historic Data"
2020-12-02 11:30:53,"npcc","Downloaded Forecast"
2020-12-02 11:30:49,"npcc","Logged In"
2020-12-02 11:09:56,"npcc","Downloaded Historic Data"
2020-12-02 11:09:54,"npcc","Downloaded Historic Data"
2020-12-02 11:09:52,"npcc","Downloaded Forecast"
2020-12-02 11:09:47,"npcc","Logged In"
2020-12-02 10:27:01,"npcc","Downloaded Historic Data"
2020-12-02 10:26:59,"npcc","Downloaded Historic Data"
2020-12-02 10:26:57,"npcc","Downloaded Forecast"
2020-12-02 10:26:53,"npcc","Logged In"
2020-12-02 10:24:05,"npcc","Uploaded New Data"
2020-12-02 10:21:37,"npcc","Downloaded Historic Data"
2020-12-02 10:21:35,"npcc","Downloaded Historic Data"
2020-12-02 10:21:33,"npcc","Downloaded Forecast"
2020-12-02 10:21:29,"npcc","Logged In"
2020-12-01 12:38:28,"admin","Downloaded Historic Data"
2020-12-01 12:38:26,"admin","Downloaded Historic Data"
2020-12-01 12:38:24,"admin","Downloaded Forecast"
2020-12-01 12:38:19,"admin","Logged In"
2020-12-01 10:41:01,"admin","Downloaded Historic Data"
2020-12-01 10:40:59,"admin","Downloaded Historic Data"
2020-12-01 10:40:57,"admin","Downloaded Forecast"
2020-12-01 10:40:53,"admin","Logged In"
2020-12-01 10:04:57,"npcc","Uploaded New Data"
2020-12-01 09:58:00,"npcc","Downloaded Historic Data"
2020-12-01 09:57:57,"npcc","Downloaded Historic Data"
2020-12-01 09:57:55,"npcc","Downloaded Forecast"
2020-12-01 09:57:50,"npcc","Logged In"
2020-11-30 15:15:09,"admin","Downloaded Historic Data"
2020-11-30 15:15:06,"admin","Downloaded Historic Data"
2020-11-30 15:15:03,"admin","Downloaded Forecast"
2020-11-30 15:14:59,"admin","Logged In"
2020-11-30 11:29:44,"admin","Downloaded Historic Data"
2020-11-30 11:29:42,"admin","Downloaded Historic Data"
2020-11-30 11:29:40,"admin","Downloaded Forecast"
2020-11-30 11:29:35,"admin","Logged In"
2020-11-30 10:54:02,"admin","Downloaded Historic Data"
2020-11-30 10:54:00,"admin","Downloaded Historic Data"
2020-11-30 10:53:58,"admin","Downloaded Forecast"
2020-11-30 10:53:54,"admin","Logged In"
2020-11-30 10:11:29,"npcc","Downloaded Historic Data"
2020-11-30 10:11:26,"npcc","Downloaded Historic Data"
2020-11-30 10:11:24,"npcc","Downloaded Forecast"
2020-11-30 10:11:20,"npcc","Logged In"
2020-11-30 09:35:30,"npcc","Uploaded New Data"
2020-11-30 09:29:47,"npcc","Downloaded Historic Data"
2020-11-30 09:29:45,"npcc","Downloaded Historic Data"
2020-11-30 09:29:42,"npcc","Downloaded Forecast"
2020-11-30 09:29:38,"npcc","Logged In"
2020-11-29 07:51:14,"npcc","Uploaded New Data"
2020-11-29 07:46:14,"npcc","Uploaded New Data"
2020-11-29 07:45:28,"npcc","Downloaded Historic Data"
2020-11-29 07:45:26,"npcc","Downloaded Historic Data"
2020-11-29 07:45:23,"npcc","Downloaded Forecast"
2020-11-29 07:45:19,"npcc","Logged In"
2020-11-28 13:27:50,"npcc","Downloaded Historic Data"
2020-11-28 13:27:47,"npcc","Downloaded Historic Data"
2020-11-28 13:27:45,"npcc","Downloaded Forecast"
2020-11-28 13:27:40,"npcc","Logged In"
2020-11-28 11:06:53,"admin","Downloaded Historic Data"
2020-11-28 11:06:50,"admin","Downloaded Historic Data"
2020-11-28 11:06:48,"admin","Downloaded Forecast"
2020-11-28 11:06:44,"admin","Logged In"
2020-11-28 07:58:51,"npcc","Uploaded New Data"
2020-11-28 07:52:02,"npcc","Downloaded Historic Data"
2020-11-28 07:52:00,"npcc","Downloaded Historic Data"
2020-11-28 07:51:57,"npcc","Downloaded Forecast"
2020-11-28 07:51:53,"npcc","Logged In"
2020-11-27 14:59:25,"admin","Downloaded Historic Data"
2020-11-27 14:59:23,"admin","Downloaded Historic Data"
2020-11-27 14:59:20,"admin","Downloaded Forecast"
2020-11-27 14:59:16,"admin","Logged In"
2020-11-27 14:20:16,"npcc","Downloaded Historic Data"
2020-11-27 14:20:14,"npcc","Downloaded Historic Data"
2020-11-27 14:20:11,"npcc","Downloaded Forecast"
2020-11-27 14:20:08,"npcc","Logged In"
2020-11-27 14:13:38,"npcc","Downloaded Historic Data"
2020-11-27 14:13:36,"npcc","Downloaded Historic Data"
2020-11-27 14:13:33,"npcc","Downloaded Forecast"
2020-11-27 14:13:29,"npcc","Logged In"
2020-11-27 11:38:30,"admin","Downloaded Historic Data"
2020-11-27 11:38:28,"admin","Downloaded Historic Data"
2020-11-27 11:38:25,"admin","Downloaded Forecast"
2020-11-27 11:38:22,"admin","Logged In"
2020-11-27 11:20:29,"user","Downloaded Historic Data"
2020-11-27 11:20:26,"user","Downloaded Historic Data"
2020-11-27 11:20:24,"user","Downloaded Forecast"
2020-11-27 11:20:20,"user","Logged In"
2020-11-27 11:17:38,"arisha","Tried to log In with password arisha"
2020-11-27 11:17:36,"arisha","Tried to log In with password arisha"
2020-11-27 10:11:26,"admin","Downloaded Historic Data"
2020-11-27 10:11:24,"admin","Downloaded Historic Data"
2020-11-27 10:11:22,"admin","Downloaded Forecast"
2020-11-27 10:11:18,"admin","Logged In"
2020-11-27 10:11:12,"npcc","Uploaded New Data"
2020-11-27 10:08:45,"npcc","Downloaded Historic Data"
2020-11-27 10:08:43,"npcc","Downloaded Historic Data"
2020-11-27 10:08:40,"npcc","Downloaded Forecast"
2020-11-27 10:08:37,"npcc","Logged In"
2020-11-27 10:07:11,"npcc","Tried to log In with password ohmslaw"
2020-11-27 10:07:08,"npcc","Tried to log In with password ohmslaw"
2020-11-27 10:06:54,"npcc","Tried to log In with password ohmslaw"
2020-11-27 10:04:33,"admin","Downloaded Historic Data"
2020-11-27 10:04:30,"admin","Downloaded Historic Data"
2020-11-27 10:04:28,"admin","Downloaded Forecast"
2020-11-27 10:04:24,"admin","Logged In"
2020-11-27 10:04:19,"npcc","Tried to log In with password ohmslaw"
2020-11-26 15:03:43,"admin","Downloaded Historic Data"
2020-11-26 15:03:41,"admin","Downloaded Historic Data"
2020-11-26 15:03:39,"admin","Downloaded Forecast"
2020-11-26 15:03:35,"admin","Logged In"
2020-11-26 11:43:25,"admin","Downloaded Historic Data"
2020-11-26 11:43:23,"admin","Downloaded Historic Data"
2020-11-26 11:43:21,"admin","Downloaded Forecast"
2020-11-26 11:43:17,"admin","Logged In"
2020-11-26 11:00:05,"npcc","Downloaded Historic Data"
2020-11-26 11:00:02,"npcc","Downloaded Historic Data"
2020-11-26 11:00:00,"npcc","Downloaded Forecast"
2020-11-26 10:59:56,"npcc","Logged In"
2020-11-26 10:17:22,"npcc","Uploaded New Data"
2020-11-26 10:14:03,"npcc","Downloaded Historic Data"
2020-11-26 10:14:01,"npcc","Downloaded Historic Data"
2020-11-26 10:13:58,"npcc","Downloaded Forecast"
2020-11-26 10:13:55,"npcc","Logged In"
2020-11-26 10:12:59,"admin","Downloaded Historic Data"
2020-11-26 10:12:57,"admin","Downloaded Historic Data"
2020-11-26 10:12:54,"admin","Downloaded Forecast"
2020-11-26 10:12:50,"admin","Logged In"
2020-11-25 16:41:28,"admin","Downloaded Historic Data"
2020-11-25 16:41:25,"admin","Downloaded Historic Data"
2020-11-25 16:41:23,"admin","Downloaded Forecast"
2020-11-25 16:41:19,"admin","Logged In"
2020-11-25 10:27:17,"admin","Downloaded Historic Data"
2020-11-25 10:27:14,"admin","Downloaded Historic Data"
2020-11-25 10:27:12,"admin","Downloaded Forecast"
2020-11-25 10:27:08,"admin","Logged In"
2020-11-25 10:12:59,"npcc","Downloaded Historic Data"
2020-11-25 10:12:56,"npcc","Downloaded Historic Data"
2020-11-25 10:12:54,"npcc","Downloaded Forecast"
2020-11-25 10:12:50,"npcc","Logged In"
2020-11-25 09:38:08,"npcc","Downloaded Historic Data"
2020-11-25 09:38:06,"npcc","Downloaded Historic Data"
2020-11-25 09:38:04,"npcc","Downloaded Forecast"
2020-11-25 09:38:00,"npcc","Logged In"
2020-11-25 09:36:27,"npcc","Uploaded New Data"
2020-11-25 09:30:00,"npcc","Downloaded Historic Data"
2020-11-25 09:29:58,"npcc","Downloaded Historic Data"
2020-11-25 09:29:55,"npcc","Downloaded Forecast"
2020-11-25 09:29:51,"npcc","Logged In"
2020-11-25 09:25:04,"","Tried to log In with password "
2020-11-24 10:22:22,"admin","Downloaded Historic Data"
2020-11-24 10:22:20,"admin","Downloaded Historic Data"
2020-11-24 10:22:17,"admin","Downloaded Forecast"
2020-11-24 10:22:13,"admin","Logged In"
2020-11-24 09:36:41,"npcc","Uploaded New Data"
2020-11-24 09:32:39,"npcc","Downloaded Historic Data"
2020-11-24 09:32:37,"npcc","Downloaded Historic Data"
2020-11-24 09:32:34,"npcc","Downloaded Forecast"
2020-11-24 09:32:31,"npcc","Logged In"
2020-11-24 09:23:42,"npcc","Downloaded Historic Data"
2020-11-24 09:23:40,"npcc","Downloaded Historic Data"
2020-11-24 09:23:38,"npcc","Downloaded Forecast"
2020-11-24 09:23:34,"npcc","Logged In"
2020-11-24 09:21:07,"npcc","Uploaded New Data"
2020-11-24 09:14:02,"npcc","Downloaded Historic Data"
2020-11-24 09:13:59,"npcc","Downloaded Historic Data"
2020-11-24 09:13:57,"npcc","Downloaded Forecast"
2020-11-24 09:13:53,"npcc","Logged In"
2020-11-24 09:05:12,"npcc","Downloaded Historic Data"
2020-11-24 09:05:10,"npcc","Downloaded Historic Data"
2020-11-24 09:05:08,"npcc","Downloaded Forecast"
2020-11-24 09:05:03,"npcc","Logged In"
2020-11-23 16:10:16,"npcc","Downloaded Historic Data"
2020-11-23 16:10:13,"npcc","Downloaded Historic Data"
2020-11-23 16:10:11,"npcc","Downloaded Forecast"
2020-11-23 16:10:06,"npcc","Logged In"
2020-11-23 11:47:15,"admin","Downloaded Historic Data"
2020-11-23 11:47:12,"admin","Downloaded Historic Data"
2020-11-23 11:47:10,"admin","Downloaded Forecast"
2020-11-23 11:47:06,"admin","Logged In"
2020-11-23 10:46:17,"admin","Downloaded Historic Data"
2020-11-23 10:46:15,"admin","Downloaded Historic Data"
2020-11-23 10:46:13,"admin","Downloaded Forecast"
2020-11-23 10:46:09,"admin","Logged In"
2020-11-23 10:38:06,"npcc","Uploaded New Data"
2020-11-23 10:37:23,"npcc","Downloaded Historic Data"
2020-11-23 10:37:20,"npcc","Downloaded Historic Data"
2020-11-23 10:37:18,"npcc","Downloaded Forecast"
2020-11-23 10:37:14,"npcc","Logged In"
2020-11-23 10:28:03,"npcc","Downloaded Historic Data"
2020-11-23 10:28:01,"npcc","Downloaded Historic Data"
2020-11-23 10:27:59,"npcc","Downloaded Forecast"
2020-11-23 10:27:56,"npcc","Logged In"
2020-11-23 10:25:29,"npcc","Uploaded New Data"
2020-11-23 10:20:20,"npcc","Downloaded Historic Data"
2020-11-23 10:20:17,"npcc","Downloaded Historic Data"
2020-11-23 10:20:15,"npcc","Downloaded Forecast"
2020-11-23 10:20:12,"npcc","Logged In"
2020-11-23 10:14:41,"admin","Downloaded Historic Data"
2020-11-23 10:14:39,"admin","Downloaded Historic Data"
2020-11-23 10:14:37,"admin","Downloaded Forecast"
2020-11-23 10:14:33,"admin","Logged In"
2020-11-23 10:10:34,"npcc","Downloaded Historic Data"
2020-11-23 10:10:32,"npcc","Downloaded Historic Data"
2020-11-23 10:10:30,"npcc","Downloaded Forecast"
2020-11-23 10:10:26,"npcc","Logged In"
2020-11-23 10:06:22,"npcc","Downloaded Historic Data"
2020-11-23 10:06:20,"npcc","Downloaded Historic Data"
2020-11-23 10:06:18,"npcc","Downloaded Forecast"
2020-11-23 10:06:14,"npcc","Logged In"
2020-11-23 09:52:08,"npcc","Logged In"
2020-11-23 09:52:03,"npcc","Downloaded Historic Data"
2020-11-23 09:52:01,"npcc","Downloaded Historic Data"
2020-11-23 09:51:59,"npcc","Downloaded Forecast"
2020-11-23 09:51:56,"npcc","Logged In"
2020-11-23 09:49:24,"npcc","Downloaded Historic Data"
2020-11-23 09:49:21,"npcc","Downloaded Historic Data"
2020-11-23 09:49:19,"npcc","Downloaded Forecast"
2020-11-23 09:49:16,"npcc","Logged In"
2020-11-23 09:48:19,"npcc","Uploaded New Data"
2020-11-23 09:40:48,"npcc","Uploaded New Data"
2020-11-23 09:26:06,"npcc","Downloaded Historic Data"
2020-11-23 09:26:04,"npcc","Downloaded Historic Data"
2020-11-23 09:26:02,"npcc","Downloaded Forecast"
2020-11-23 09:25:57,"npcc","Logged In"
2020-11-22 10:56:41,"admin","Downloaded Historic Data"
2020-11-22 10:56:39,"admin","Downloaded Historic Data"
2020-11-22 10:56:37,"admin","Downloaded Forecast"
2020-11-22 10:56:32,"admin","Logged In"
2020-11-21 10:19:28,"admin","Downloaded Historic Data"
2020-11-21 10:19:26,"admin","Downloaded Historic Data"
2020-11-21 10:19:23,"admin","Downloaded Forecast"
2020-11-21 10:19:18,"admin","Logged In"
2020-11-20 16:51:08,"admin","Downloaded Historic Data"
2020-11-20 16:51:06,"admin","Downloaded Historic Data"
2020-11-20 16:51:03,"admin","Downloaded Forecast"
2020-11-20 16:50:59,"admin","Logged In"
2020-11-20 16:09:13,"admin","Downloaded Historic Data"
2020-11-20 16:09:10,"admin","Downloaded Historic Data"
2020-11-20 16:09:08,"admin","Downloaded Forecast"
2020-11-20 16:09:03,"admin","Logged In"
2020-11-20 12:17:15,"npcc","Downloaded Historic Data"
2020-11-20 12:17:13,"npcc","Downloaded Historic Data"
2020-11-20 12:17:10,"npcc","Downloaded Forecast"
2020-11-20 12:17:07,"npcc","Logged In"
2020-11-20 12:12:00,"npcc","Logged In"
2020-11-20 12:11:54,"npcc","Downloaded Historic Data"
2020-11-20 12:11:52,"npcc","Downloaded Historic Data"
2020-11-20 12:11:49,"npcc","Downloaded Forecast"
2020-11-20 12:11:45,"npcc","Logged In"
2020-11-20 12:07:10,"npcc","Logged In"
2020-11-20 12:07:04,"npcc","Downloaded Historic Data"
2020-11-20 12:07:01,"npcc","Downloaded Historic Data"
2020-11-20 12:06:59,"npcc","Downloaded Forecast"
2020-11-20 12:06:55,"npcc","Logged In"
2020-11-20 10:34:54,"admin","Downloaded Historic Data"
2020-11-20 10:34:52,"admin","Downloaded Historic Data"
2020-11-20 10:34:50,"admin","Downloaded Forecast"
2020-11-20 10:34:46,"admin","Logged In"
2020-11-20 09:58:20,"npcc","Uploaded New Data"
2020-11-20 09:49:07,"admin","Downloaded Historic Data"
2020-11-20 09:49:04,"admin","Downloaded Historic Data"
2020-11-20 09:49:02,"admin","Downloaded Forecast"
2020-11-20 09:48:58,"admin","Logged In"
2020-11-20 09:43:38,"npcc","Downloaded Historic Data"
2020-11-20 09:43:36,"npcc","Downloaded Historic Data"
2020-11-20 09:43:33,"npcc","Downloaded Forecast"
2020-11-20 09:43:27,"npcc","Logged In"
2020-11-19 10:45:53,"admin","Downloaded Historic Data"
2020-11-19 10:45:51,"admin","Downloaded Historic Data"
2020-11-19 10:45:48,"admin","Downloaded Forecast"
2020-11-19 10:45:44,"admin","Logged In"
2020-11-19 10:06:11,"npcc","Downloaded Historic Data"
2020-11-19 10:06:08,"npcc","Downloaded Historic Data"
2020-11-19 10:06:06,"npcc","Downloaded Forecast"
2020-11-19 10:06:02,"npcc","Logged In"
2020-11-19 10:05:19,"npcc","Uploaded New Data"
2020-11-19 10:01:15,"npcc","Downloaded Historic Data"
2020-11-19 10:01:13,"npcc","Downloaded Historic Data"
2020-11-19 10:01:10,"npcc","Downloaded Forecast"
2020-11-19 10:01:05,"npcc","Logged In"
2020-11-18 16:04:22,"cppa","Downloaded Historic Data"
2020-11-18 16:04:20,"cppa","Downloaded Historic Data"
2020-11-18 16:04:17,"cppa","Downloaded Forecast"
2020-11-18 16:04:13,"cppa","Logged In"
2020-11-18 16:01:10,"cppa","Logged In"
2020-11-18 16:01:08,"cppa","Logged In"
2020-11-18 16:01:05,"cppa","Logged In"
2020-11-18 16:01:03,"cppa","Logged In"
2020-11-18 16:00:56,"cppa","Downloaded Historic Data"
2020-11-18 16:00:54,"cppa","Downloaded Historic Data"
2020-11-18 16:00:51,"cppa","Downloaded Forecast"
2020-11-18 16:00:47,"cppa","Logged In"
2020-11-18 15:50:23,"cppa","Downloaded Historic Data"
2020-11-18 15:50:21,"cppa","Downloaded Historic Data"
2020-11-18 15:50:19,"cppa","Downloaded Forecast"
2020-11-18 15:50:15,"cppa","Logged In"
2020-11-18 15:00:48,"admin","Downloaded Historic Data"
2020-11-18 15:00:45,"admin","Downloaded Historic Data"
2020-11-18 15:00:43,"admin","Downloaded Forecast"
2020-11-18 15:00:38,"admin","Logged In"
2020-11-18 12:02:08,"npcc","Downloaded Historic Data"
2020-11-18 12:02:06,"npcc","Downloaded Historic Data"
2020-11-18 12:02:03,"npcc","Downloaded Forecast"
2020-11-18 12:01:59,"npcc","Logged In"
2020-11-18 11:24:34,"admin","Downloaded Historic Data"
2020-11-18 11:24:31,"admin","Downloaded Historic Data"
2020-11-18 11:24:29,"admin","Downloaded Forecast"
2020-11-18 11:24:25,"admin","Logged In"
2020-11-18 10:52:43,"npcc","Logged In"
2020-11-18 10:52:40,"npcc","Logged In"
2020-11-18 10:52:34,"npcc","Downloaded Historic Data"
2020-11-18 10:52:32,"npcc","Downloaded Historic Data"
2020-11-18 10:52:29,"npcc","Downloaded Forecast"
2020-11-18 10:52:25,"npcc","Logged In"
2020-11-18 10:18:01,"admin","Downloaded Historic Data"
2020-11-18 10:17:58,"admin","Downloaded Historic Data"
2020-11-18 10:17:55,"admin","Downloaded Forecast"
2020-11-18 10:17:51,"admin","Logged In"
2020-11-18 09:53:15,"admin","Downloaded Historic Data"
2020-11-18 09:53:12,"admin","Downloaded Historic Data"
2020-11-18 09:53:10,"admin","Downloaded Forecast"
2020-11-18 09:53:06,"admin","Logged In"
2020-11-18 09:32:59,"npcc","Uploaded New Data"
2020-11-18 09:24:34,"npcc","Downloaded Historic Data"
2020-11-18 09:24:32,"npcc","Downloaded Historic Data"
2020-11-18 09:24:29,"npcc","Downloaded Forecast"
2020-11-18 09:24:25,"npcc","Logged In"
2020-11-17 11:08:56,"npcc","Downloaded Historic Data"
2020-11-17 11:08:54,"npcc","Downloaded Historic Data"
2020-11-17 11:08:52,"npcc","Downloaded Forecast"
2020-11-17 11:08:48,"npcc","Logged In"
2020-11-17 10:35:53,"admin","Downloaded Historic Data"
2020-11-17 10:35:51,"admin","Downloaded Historic Data"
2020-11-17 10:35:49,"admin","Downloaded Forecast"
2020-11-17 10:35:45,"admin","Logged In"
2020-11-17 10:35:32,"admin","Tried to log In with password energyt"
2020-11-17 10:35:29,"admin","Tried to log In with password energyt"
2020-11-17 10:11:26,"npcc","Downloaded Historic Data"
2020-11-17 10:11:24,"npcc","Downloaded Historic Data"
2020-11-17 10:11:22,"npcc","Downloaded Forecast"
2020-11-17 10:11:18,"npcc","Logged In"
2020-11-17 10:07:01,"admin","Downloaded Historic Data"
2020-11-17 10:06:59,"admin","Downloaded Historic Data"
2020-11-17 10:06:56,"admin","Downloaded Forecast"
2020-11-17 10:06:52,"admin","Logged In"
2020-11-17 09:46:00,"npcc","Uploaded New Data"
2020-11-17 09:39:58,"npcc","Downloaded Historic Data"
2020-11-17 09:39:56,"npcc","Downloaded Historic Data"
2020-11-17 09:39:53,"npcc","Downloaded Forecast"
2020-11-17 09:39:49,"npcc","Logged In"
2020-11-16 15:53:20,"admin","Downloaded Historic Data"
2020-11-16 15:53:18,"admin","Downloaded Historic Data"
2020-11-16 15:53:15,"admin","Downloaded Forecast"
2020-11-16 15:53:11,"admin","Logged In"
2020-11-16 10:57:37,"admin","Downloaded Historic Data"
2020-11-16 10:57:34,"admin","Downloaded Historic Data"
2020-11-16 10:57:32,"admin","Downloaded Forecast"
2020-11-16 10:57:29,"admin","Logged In"
2020-11-16 10:50:35,"npcc","Downloaded Historic Data"
2020-11-16 10:50:33,"npcc","Downloaded Historic Data"
2020-11-16 10:50:31,"npcc","Downloaded Forecast"
2020-11-16 10:50:28,"npcc","Logged In"
2020-11-16 10:41:17,"admin","Downloaded Historic Data"
2020-11-16 10:41:15,"admin","Downloaded Historic Data"
2020-11-16 10:41:13,"admin","Downloaded Forecast"
2020-11-16 10:41:11,"admin","Logged In"
2020-11-16 10:40:50,"npcc","Downloaded Historic Data"
2020-11-16 10:40:48,"npcc","Downloaded Historic Data"
2020-11-16 10:40:46,"npcc","Downloaded Forecast"
2020-11-16 10:40:43,"npcc","Logged In"
2020-11-16 10:39:12,"npcc","Downloaded Historic Data"
2020-11-16 10:39:10,"npcc","Downloaded Historic Data"
2020-11-16 10:39:08,"npcc","Downloaded Forecast"
2020-11-16 10:39:05,"npcc","Logged In"
2020-11-16 10:38:01,"admin","Downloaded Historic Data"
2020-11-16 10:37:55,"admin","Downloaded Historic Data"
2020-11-16 10:37:50,"admin","Downloaded Forecast"
2020-11-16 10:37:43,"admin","Logged In"
2020-11-16 10:36:32,"npcc","Downloaded Historic Data"
2020-11-16 10:36:30,"npcc","Downloaded Historic Data"
2020-11-16 10:36:28,"npcc","Downloaded Forecast"
2020-11-16 10:36:25,"npcc","Logged In"
2020-11-16 10:33:21,"admin","Downloaded Historic Data"
2020-11-16 10:33:19,"admin","Downloaded Historic Data"
2020-11-16 10:33:17,"admin","Downloaded Forecast"
2020-11-16 10:33:14,"admin","Logged In"
2020-11-16 10:22:45,"npcc","Downloaded Historic Data"
2020-11-16 10:22:43,"npcc","Downloaded Historic Data"
2020-11-16 10:22:41,"npcc","Downloaded Forecast"
2020-11-16 10:22:38,"npcc","Logged In"
2020-11-16 10:22:17,"npcc","Downloaded Forecast"
2020-11-16 10:22:11,"npcc","Downloaded Historic Data"
2020-11-16 10:22:08,"npcc","Downloaded Historic Data"
2020-11-16 10:22:07,"npcc","Logged In"
2020-11-16 10:21:54,"npcc","Downloaded Historic Data"
2020-11-16 10:21:52,"npcc","Downloaded Historic Data"
2020-11-16 10:21:50,"npcc","Downloaded Forecast"
2020-11-16 10:21:47,"npcc","Logged In"
2020-11-16 10:21:23,"npcc","Downloaded Historic Data"
2020-11-16 10:21:21,"npcc","Downloaded Historic Data"
2020-11-16 10:21:19,"npcc","Downloaded Forecast"
2020-11-16 10:21:16,"npcc","Logged In"
2020-11-16 10:20:56,"npcc","Downloaded Historic Data"
2020-11-16 10:20:53,"npcc","Downloaded Forecast"
2020-11-16 10:20:50,"npcc","Logged In"
2020-11-16 10:03:31,"npcc","Downloaded Historic Data"
2020-11-16 10:03:29,"npcc","Downloaded Historic Data"
2020-11-16 10:03:27,"npcc","Downloaded Forecast"
2020-11-16 10:03:24,"npcc","Logged In"
2020-11-16 10:03:02,"npcc","Downloaded Historic Data"
2020-11-16 10:03:00,"npcc","Downloaded Historic Data"
2020-11-16 10:02:58,"npcc","Downloaded Forecast"
2020-11-16 10:02:54,"npcc","Logged In"
2020-11-16 10:02:19,"npcc","Downloaded Historic Data"
2020-11-16 10:02:16,"npcc","Downloaded Historic Data"
2020-11-16 10:02:14,"npcc","Downloaded Forecast"
2020-11-16 10:02:11,"npcc","Logged In"
2020-11-16 10:01:33,"npcc","Downloaded Historic Data"
2020-11-16 10:01:31,"npcc","Downloaded Historic Data"
2020-11-16 10:01:29,"npcc","Downloaded Forecast"
2020-11-16 10:01:25,"npcc","Logged In"
2020-11-16 10:00:29,"npcc","Uploaded New Data"
2020-11-16 09:54:39,"npcc","Downloaded Historic Data"
2020-11-16 09:54:37,"npcc","Downloaded Historic Data"
2020-11-16 09:54:35,"npcc","Downloaded Forecast"
2020-11-16 09:54:31,"npcc","Logged In"
2020-11-15 11:04:20,"admin","Downloaded Historic Data"
2020-11-15 11:04:17,"admin","Downloaded Historic Data"
2020-11-15 11:04:15,"admin","Downloaded Forecast"
2020-11-15 11:04:11,"admin","Logged In"
2020-11-13 15:15:03,"npcc","Downloaded Historic Data"
2020-11-13 15:15:00,"npcc","Downloaded Historic Data"
2020-11-13 15:14:58,"npcc","Downloaded Forecast"
2020-11-13 15:14:53,"npcc","Logged In"
2020-11-13 13:42:05,"npcc","Downloaded Historic Data"
2020-11-13 13:42:03,"npcc","Downloaded Historic Data"
2020-11-13 13:42:01,"npcc","Downloaded Forecast"
2020-11-13 13:41:57,"npcc","Logged In"
2020-11-13 12:53:02,"npcc","Downloaded Historic Data"
2020-11-13 12:53:00,"npcc","Downloaded Historic Data"
2020-11-13 12:52:58,"npcc","Downloaded Forecast"
2020-11-13 12:52:53,"npcc","Logged In"
2020-11-13 10:51:31,"npcc","Downloaded Historic Data"
2020-11-13 10:51:28,"npcc","Downloaded Historic Data"
2020-11-13 10:51:26,"npcc","Downloaded Forecast"
2020-11-13 10:51:22,"npcc","Logged In"
2020-11-13 10:08:27,"npcc","Logged In"
2020-11-13 10:08:21,"npcc","Downloaded Historic Data"
2020-11-13 10:08:18,"npcc","Downloaded Historic Data"
2020-11-13 10:08:16,"npcc","Downloaded Forecast"
2020-11-13 10:08:07,"npcc","Logged In"
2020-11-13 08:41:11,"npcc","Uploaded New Data"
2020-11-13 08:36:35,"npcc","Downloaded Historic Data"
2020-11-13 08:36:33,"npcc","Downloaded Historic Data"
2020-11-13 08:36:31,"npcc","Downloaded Forecast"
2020-11-13 08:36:24,"npcc","Logged In"
2020-11-12 10:35:00,"npcc","Downloaded Historic Data"
2020-11-12 10:34:58,"npcc","Downloaded Historic Data"
2020-11-12 10:34:55,"npcc","Downloaded Forecast"
2020-11-12 10:34:38,"npcc","Logged In"
2020-11-11 12:04:16,"admin","Downloaded Historic Data"
2020-11-11 12:04:11,"admin","Downloaded Historic Data"
2020-11-11 12:04:06,"admin","Downloaded Forecast"
2020-11-11 12:03:57,"admin","Logged In"
2020-11-11 12:03:46,"admin","Tried to log In with password ENERGY"
2020-11-11 12:03:41,"admin","Tried to log In with password ENERGY"
2020-11-11 12:03:36,"admin","Tried to log In with password ENERGY"
2020-11-11 11:59:52,"admin","Downloaded Historic Data"
2020-11-11 11:59:49,"admin","Downloaded Historic Data"
2020-11-11 11:59:47,"admin","Downloaded Forecast"
2020-11-11 11:59:43,"admin","Logged In"
2020-11-11 10:56:24,"npcc","Logged In"
2020-11-11 10:56:15,"npcc","Downloaded Historic Data"
2020-11-11 10:56:13,"npcc","Downloaded Historic Data"
2020-11-11 10:56:11,"npcc","Downloaded Forecast"
2020-11-11 10:56:02,"npcc","Logged In"
2020-11-11 10:54:21,"npcc","Logged In"
2020-11-11 10:54:02,"npcc","Logged In"
2020-11-11 10:53:59,"npcc","Logged In"
2020-11-11 10:53:57,"npcc","Logged In"
2020-11-11 10:53:55,"npcc","Logged In"
2020-11-11 10:53:49,"npcc","Downloaded Historic Data"
2020-11-11 10:53:46,"npcc","Downloaded Historic Data"
2020-11-11 10:53:44,"npcc","Downloaded Forecast"
2020-11-11 10:53:39,"npcc","Logged In"
2020-11-11 10:27:12,"npcc","Downloaded Historic Data"
2020-11-11 10:27:10,"npcc","Downloaded Historic Data"
2020-11-11 10:27:07,"npcc","Downloaded Forecast"
2020-11-11 10:27:04,"npcc","Logged In"
2020-11-11 10:20:56,"user","Downloaded Historic Data"
2020-11-11 10:20:54,"user","Downloaded Historic Data"
2020-11-11 10:20:51,"user","Downloaded Forecast"
2020-11-11 10:20:48,"user","Logged In"
2020-11-11 10:12:04,"admin","Downloaded Historic Data"
2020-11-11 10:12:02,"admin","Downloaded Historic Data"
2020-11-11 10:12:00,"admin","Downloaded Forecast"
2020-11-11 10:11:56,"admin","Logged In"
2020-11-11 10:08:28,"npcc","Uploaded New Data"
2020-11-11 10:03:21,"admin","Downloaded Historic Data"
2020-11-11 10:03:18,"admin","Downloaded Historic Data"
2020-11-11 10:03:16,"admin","Downloaded Forecast"
2020-11-11 10:03:13,"admin","Logged In"
2020-11-11 09:59:49,"npcc","Downloaded Historic Data"
2020-11-11 09:59:47,"npcc","Downloaded Historic Data"
2020-11-11 09:59:44,"npcc","Downloaded Forecast"
2020-11-11 09:59:41,"npcc","Logged In"
2020-11-11 09:52:53,"admin","Downloaded Historic Data"
2020-11-11 09:52:51,"admin","Downloaded Historic Data"
2020-11-11 09:52:49,"admin","Downloaded Forecast"
2020-11-11 09:52:46,"admin","Logged In"
2020-11-11 09:51:47,"admin","Downloaded Historic Data"
2020-11-11 09:51:43,"admin","Downloaded Historic Data"
2020-11-11 09:51:37,"admin","Downloaded Forecast"
2020-11-11 09:51:30,"admin","Logged In"
2020-11-11 09:38:05,"npcc","Logged In"
2020-11-11 09:37:59,"npcc","Downloaded Historic Data"
2020-11-11 09:37:57,"npcc","Downloaded Historic Data"
2020-11-11 09:37:55,"npcc","Downloaded Forecast"
2020-11-11 09:37:53,"npcc","Logged In"
2020-11-11 09:37:06,"npcc","Logged In"
2020-11-11 09:37:04,"npcc","Logged In"
2020-11-11 09:36:58,"npcc","Downloaded Historic Data"
2020-11-11 09:36:56,"npcc","Downloaded Historic Data"
2020-11-11 09:36:54,"npcc","Downloaded Forecast"
2020-11-11 09:36:51,"npcc","Logged In"
2020-11-11 09:35:28,"npcc","Logged In"
2020-11-11 09:35:21,"npcc","Downloaded Historic Data"
2020-11-11 09:35:16,"npcc","Downloaded Historic Data"
2020-11-11 09:35:14,"npcc","Downloaded Forecast"
2020-11-11 09:35:08,"npcc","Logged In"
2020-11-11 09:33:49,"npcc","Downloaded Historic Data"
2020-11-11 09:33:47,"npcc","Downloaded Historic Data"
2020-11-11 09:33:45,"npcc","Downloaded Forecast"
2020-11-11 09:33:41,"npcc","Logged In"
2020-11-10 11:20:34,"cppa","Downloaded Historic Data"
2020-11-10 11:20:32,"cppa","Downloaded Historic Data"
2020-11-10 11:20:30,"cppa","Downloaded Forecast"
2020-11-10 11:20:27,"cppa","Logged In"
2020-11-10 11:20:10,"cppa","Downloaded Historic Data"
2020-11-10 11:20:08,"cppa","Downloaded Historic Data"
2020-11-10 11:20:06,"cppa","Downloaded Forecast"
2020-11-10 11:20:03,"cppa","Logged In"
2020-11-10 11:19:40,"cppa","Downloaded Historic Data"
2020-11-10 11:19:38,"cppa","Downloaded Historic Data"
2020-11-10 11:19:36,"cppa","Downloaded Forecast"
2020-11-10 11:19:30,"cppa","Logged In"
2020-11-10 11:08:03,"cppa","Downloaded Historic Data"
2020-11-10 11:08:00,"cppa","Downloaded Historic Data"
2020-11-10 11:07:58,"cppa","Downloaded Forecast"
2020-11-10 11:07:54,"cppa","Logged In"
2020-11-10 10:22:17,"npcc","Downloaded Historic Data"
2020-11-10 10:22:13,"npcc","Downloaded Historic Data"
2020-11-10 10:22:10,"npcc","Downloaded Forecast"
2020-11-10 10:22:01,"npcc","Logged In"
2020-11-10 09:41:22,"npcc","Uploaded New Data"
2020-11-10 09:32:33,"npcc","Downloaded Historic Data"
2020-11-10 09:32:30,"npcc","Downloaded Historic Data"
2020-11-10 09:32:27,"npcc","Downloaded Forecast"
2020-11-10 09:32:23,"npcc","Logged In"
2020-11-09 11:57:50,"admin","Downloaded Historic Data"
2020-11-09 11:57:48,"admin","Downloaded Historic Data"
2020-11-09 11:57:45,"admin","Downloaded Forecast"
2020-11-09 11:57:41,"admin","Logged In"
2020-11-09 11:14:23,"npcc","Downloaded Historic Data"
2020-11-09 11:14:21,"npcc","Downloaded Historic Data"
2020-11-09 11:14:19,"npcc","Downloaded Forecast"
2020-11-09 11:14:15,"npcc","Logged In"
2020-11-09 09:31:28,"npcc","Uploaded New Data"
2020-11-09 09:24:16,"npcc","Downloaded Historic Data"
2020-11-09 09:24:14,"npcc","Downloaded Historic Data"
2020-11-09 09:24:12,"npcc","Downloaded Forecast"
2020-11-09 09:24:08,"npcc","Logged In"
2020-11-07 13:58:54,"admin","Downloaded Historic Data"
2020-11-07 13:58:52,"admin","Downloaded Historic Data"
2020-11-07 13:58:50,"admin","Downloaded Forecast"
2020-11-07 13:58:45,"admin","Logged In"
2020-11-06 11:24:44,"admin","Downloaded Historic Data"
2020-11-06 11:24:42,"admin","Downloaded Historic Data"
2020-11-06 11:24:39,"admin","Downloaded Forecast"
2020-11-06 11:24:35,"admin","Logged In"
2020-11-06 11:13:33,"admin","Downloaded Historic Data"
2020-11-06 11:13:31,"admin","Downloaded Historic Data"
2020-11-06 11:13:29,"admin","Downloaded Forecast"
2020-11-06 11:13:20,"admin","Logged In"
2020-11-06 10:50:14,"npcc","Downloaded Historic Data"
2020-11-06 10:50:12,"npcc","Downloaded Historic Data"
2020-11-06 10:50:10,"npcc","Downloaded Forecast"
2020-11-06 10:50:05,"npcc","Logged In"
2020-11-06 09:40:38,"admin","Downloaded Historic Data"
2020-11-06 09:40:36,"admin","Downloaded Historic Data"
2020-11-06 09:40:34,"admin","Downloaded Forecast"
2020-11-06 09:40:29,"admin","Logged In"
2020-11-06 08:35:38,"npcc","Uploaded New Data"
2020-11-06 08:28:37,"npcc","Downloaded Historic Data"
2020-11-06 08:28:35,"npcc","Downloaded Historic Data"
2020-11-06 08:28:33,"npcc","Downloaded Forecast"
2020-11-06 08:28:28,"npcc","Logged In"
2020-11-05 19:27:30,"admin","Downloaded Historic Data"
2020-11-05 19:27:28,"admin","Downloaded Historic Data"
2020-11-05 19:27:25,"admin","Downloaded Forecast"
2020-11-05 19:27:21,"admin","Logged In"
2020-11-05 18:10:19,"admin","Downloaded Historic Data"
2020-11-05 18:10:17,"admin","Downloaded Historic Data"
2020-11-05 18:10:14,"admin","Downloaded Forecast"
2020-11-05 18:10:10,"admin","Logged In"
2020-11-05 12:00:02,"npcc","Downloaded Historic Data"
2020-11-05 12:00:00,"npcc","Downloaded Historic Data"
2020-11-05 11:59:57,"npcc","Downloaded Forecast"
2020-11-05 11:59:51,"npcc","Logged In"
2020-11-05 10:05:56,"admin","Downloaded Historic Data"
2020-11-05 10:05:54,"admin","Downloaded Historic Data"
2020-11-05 10:05:52,"admin","Downloaded Forecast"
2020-11-05 10:05:47,"admin","Logged In"
2020-11-05 09:37:43,"npcc","Uploaded New Data"
2020-11-05 09:31:26,"npcc","Downloaded Historic Data"
2020-11-05 09:31:23,"npcc","Downloaded Historic Data"
2020-11-05 09:31:21,"npcc","Downloaded Forecast"
2020-11-05 09:31:17,"npcc","Logged In"
2020-11-04 16:00:23,"admin","Downloaded Historic Data"
2020-11-04 16:00:21,"admin","Downloaded Historic Data"
2020-11-04 16:00:19,"admin","Downloaded Forecast"
2020-11-04 16:00:14,"admin","Logged In"
2020-11-04 14:06:35,"admin","Downloaded Historic Data"
2020-11-04 14:06:33,"admin","Downloaded Historic Data"
2020-11-04 14:06:31,"admin","Downloaded Forecast"
2020-11-04 14:06:28,"admin","Logged In"
2020-11-04 14:06:17,"admi9n","Tried to log In with password energy"
2020-11-04 14:04:37,"admin","Downloaded Historic Data"
2020-11-04 14:04:35,"admin","Downloaded Historic Data"
2020-11-04 14:04:33,"admin","Downloaded Forecast"
2020-11-04 14:04:29,"admin","Logged In"
2020-11-04 14:04:19,"admin","Tried to log In with password enery"
2020-11-04 10:20:18,"npcc","Downloaded Historic Data"
2020-11-04 10:20:15,"npcc","Downloaded Historic Data"
2020-11-04 10:20:13,"npcc","Downloaded Forecast"
2020-11-04 10:20:08,"npcc","Logged In"
2020-11-04 09:32:56,"npcc","Uploaded New Data"
2020-11-04 09:28:49,"npcc","Downloaded Historic Data"
2020-11-04 09:28:47,"npcc","Downloaded Historic Data"
2020-11-04 09:28:45,"npcc","Downloaded Forecast"
2020-11-04 09:28:42,"npcc","Logged In"
2020-11-04 09:25:49,"npcc","Downloaded Historic Data"
2020-11-04 09:25:47,"npcc","Downloaded Historic Data"
2020-11-04 09:25:45,"npcc","Downloaded Forecast"
2020-11-04 09:25:41,"npcc","Logged In"
2020-11-04 09:16:27,"npcc","Downloaded Historic Data"
2020-11-04 09:16:25,"npcc","Downloaded Historic Data"
2020-11-04 09:16:23,"npcc","Downloaded Forecast"
2020-11-04 09:16:19,"npcc","Logged In"
2020-11-03 09:40:38,"npcc","Downloaded Historic Data"
2020-11-03 09:40:36,"npcc","Downloaded Historic Data"
2020-11-03 09:40:34,"npcc","Downloaded Forecast"
2020-11-03 09:40:31,"npcc","Logged In"
2020-11-03 09:36:54,"npcc","Uploaded New Data"
2020-11-03 09:32:37,"npcc","Downloaded Historic Data"
2020-11-03 09:32:35,"npcc","Downloaded Historic Data"
2020-11-03 09:32:32,"npcc","Downloaded Forecast"
2020-11-03 09:32:28,"npcc","Logged In"
2020-11-02 11:25:59,"cppa","Downloaded Historic Data"
2020-11-02 11:25:57,"cppa","Downloaded Historic Data"
2020-11-02 11:25:53,"cppa","Downloaded Forecast"
2020-11-02 11:25:49,"cppa","Logged In"
2020-11-02 11:02:10,"npcc","Downloaded Historic Data"
2020-11-02 11:02:08,"npcc","Downloaded Historic Data"
2020-11-02 11:02:05,"npcc","Downloaded Forecast"
2020-11-02 11:02:01,"npcc","Logged In"
2020-11-02 10:50:37,"npcc","Uploaded New Data"
2020-11-02 10:42:25,"npcc","Downloaded Historic Data"
2020-11-02 10:42:23,"npcc","Downloaded Historic Data"
2020-11-02 10:42:20,"npcc","Downloaded Forecast"
2020-11-02 10:42:16,"npcc","Logged In"
2020-11-02 00:03:24,"admin","Downloaded Historic Data"
2020-11-02 00:03:22,"admin","Downloaded Historic Data"
2020-11-02 00:03:20,"admin","Downloaded Forecast"
2020-11-02 00:03:15,"admin","Logged In"
2020-11-01 23:38:49,"admin","Downloaded Historic Data"
2020-11-01 23:38:44,"admin","Downloaded Historic Data"
2020-11-01 23:38:38,"admin","Downloaded Forecast"
2020-11-01 23:38:28,"admin","Logged In"
2020-11-01 18:42:30,"admin","Downloaded Historic Data"
2020-11-01 18:42:25,"admin","Downloaded Historic Data"
2020-11-01 18:42:19,"admin","Downloaded Forecast"
2020-11-01 18:42:07,"admin","Logged In"
2020-10-31 23:34:21,"admin","Downloaded Historic Data"
2020-10-31 23:34:16,"admin","Downloaded Historic Data"
2020-10-31 23:34:10,"admin","Downloaded Forecast"
2020-10-31 23:34:00,"admin","Logged In"
2020-10-31 23:24:25,"admin","Logged In"
2020-10-31 23:23:56,"admin","Downloaded Historic Data"
2020-10-31 23:23:51,"admin","Downloaded Historic Data"
2020-10-31 23:23:45,"admin","Downloaded Forecast"
2020-10-31 23:23:39,"admin","Logged In"
2020-10-31 23:18:25,"admin","Downloaded Historic Data"
2020-10-31 23:18:19,"admin","Downloaded Historic Data"
2020-10-31 23:18:12,"admin","Downloaded Forecast"
2020-10-31 23:18:00,"admin","Logged In"
2020-10-31 16:42:50,"admin","Downloaded Historic Data"
2020-10-31 16:42:43,"admin","Downloaded Historic Data"
2020-10-31 16:42:35,"admin","Downloaded Forecast"
2020-10-31 16:42:23,"admin","Logged In"
2020-10-31 16:38:37,"admin","Downloaded Historic Data"
2020-10-31 16:38:30,"admin","Downloaded Historic Data"
2020-10-31 16:38:22,"admin","Downloaded Forecast"
2020-10-31 16:38:11,"admin","Logged In"
2020-10-31 16:26:51,"admin","Downloaded Historic Data"
2020-10-31 16:26:40,"admin","Downloaded Historic Data"
2020-10-31 16:26:27,"admin","Downloaded Forecast"
2020-10-31 16:26:13,"admin","Logged In"
2020-10-31 16:19:54,"admin","Downloaded Historic Data"
2020-10-31 16:19:49,"admin","Downloaded Historic Data"
2020-10-31 16:19:43,"admin","Downloaded Forecast"
2020-10-31 16:19:33,"admin","Logged In"
2020-10-31 16:03:02,"admin","Downloaded Historic Data"
2020-10-31 16:02:57,"admin","Downloaded Historic Data"
2020-10-31 16:02:51,"admin","Downloaded Forecast"
2020-10-31 16:02:38,"admin","Logged In"
2020-10-29 20:51:29,"admin","Downloaded Historic Data"
2020-10-29 20:51:24,"admin","Downloaded Forecast"
2020-10-29 20:51:15,"admin","Logged In"
2020-10-29 19:32:43,"admin","Downloaded Historic Data"
2020-10-29 19:32:38,"admin","Downloaded Forecast"
2020-10-29 19:32:28,"admin","Logged In"
2020-10-29 19:27:52,"admin","Downloaded Historic Data"
2020-10-29 19:27:46,"admin","Downloaded Forecast"
2020-10-29 19:27:37,"admin","Logged In"
2020-10-29 19:25:44,"admin","Downloaded Historic Data"
2020-10-29 19:25:39,"admin","Downloaded Forecast"
2020-10-29 19:25:28,"admin","Logged In"
2020-10-29 19:24:49,"admin","Downloaded Forecast"
2020-10-29 19:24:45,"admin","Logged In"
2020-10-29 19:23:20,"admin","Downloaded Historic Data"
2020-10-29 19:23:15,"admin","Downloaded Forecast"
2020-10-29 19:23:05,"admin","Logged In"
2020-10-29 10:59:09,"npcc","Downloaded Forecast"
2020-10-29 10:59:04,"npcc","Logged In"
2020-10-29 08:31:33,"npcc","Downloaded Forecast"
2020-10-29 08:31:30,"npcc","Logged In"
2020-10-29 08:27:14,"npcc","Downloaded Forecast"
2020-10-29 08:27:10,"npcc","Logged In"
2020-10-29 08:24:18,"npcc","Uploaded New Data"
2020-10-29 08:23:50,"npcc","Uploaded New Data"
2020-10-29 08:11:29,"npcc","Downloaded Forecast"
2020-10-29 08:11:22,"npcc","Logged In"
2020-10-28 21:38:29,"admin","Downloaded Historic Data"
2020-10-28 21:38:24,"admin","Downloaded Forecast"
2020-10-28 21:38:15,"admin","Logged In"
2020-10-28 21:35:39,"admin","Downloaded Historic Data"
2020-10-28 21:35:34,"admin","Downloaded Forecast"
2020-10-28 21:35:25,"admin","Logged In"
2020-10-28 21:31:22,"admin","Downloaded Historic Data"
2020-10-28 21:31:17,"admin","Downloaded Forecast"
2020-10-28 21:31:08,"admin","Logged In"
2020-10-28 21:25:46,"admin","Downloaded Historic Data"
2020-10-28 21:25:40,"admin","Downloaded Forecast"
2020-10-28 21:25:29,"admin","Logged In"
2020-10-28 21:24:05,"admin","Downloaded Historic Data"
2020-10-28 21:24:00,"admin","Downloaded Forecast"
2020-10-28 21:23:49,"admin","Logged In"
2020-10-28 21:19:17,"admin","Downloaded Historic Data"
2020-10-28 21:19:12,"admin","Downloaded Forecast"
2020-10-28 21:19:00,"admin","Logged In"
2020-10-28 21:12:39,"admin","Downloaded Historic Data"
2020-10-28 21:12:33,"admin","Downloaded Forecast"
2020-10-28 21:12:23,"admin","Logged In"
2020-10-28 21:10:25,"admin","Downloaded Historic Data"
2020-10-28 21:10:20,"admin","Downloaded Forecast"
2020-10-28 21:10:11,"admin","Logged In"
2020-10-28 21:08:16,"admin","Downloaded Historic Data"
2020-10-28 21:08:10,"admin","Downloaded Forecast"
2020-10-28 21:07:57,"admin","Logged In"
2020-10-28 20:59:20,"admin","Downloaded Historic Data"
2020-10-28 20:59:15,"admin","Downloaded Forecast"
2020-10-28 20:59:05,"admin","Logged In"
2020-10-28 20:03:46,"admin","Downloaded Forecast"
2020-10-28 20:03:35,"admin","Logged In"
2020-10-28 14:37:57,"admin","Downloaded Forecast"
2020-10-28 14:37:46,"admin","Logged In"
2020-10-28 09:14:40,"npcc","Downloaded Forecast"
2020-10-28 09:14:36,"npcc","Logged In"
2020-10-28 08:54:16,"npcc","Uploaded New Data"
2020-10-28 08:50:19,"npcc","Downloaded Forecast"
2020-10-28 08:50:15,"npcc","Logged In"
2020-10-27 21:00:09,"admin","Downloaded Forecast"
2020-10-27 20:59:54,"admin","Logged In"
2020-10-27 09:48:13,"npcc","Downloaded Forecast"
2020-10-27 09:48:09,"npcc","Logged In"
2020-10-27 09:37:13,"npcc","Uploaded New Data"
2020-10-27 09:33:45,"npcc","Uploaded New Data"
2020-10-27 09:25:46,"npcc","Downloaded Forecast"
2020-10-27 09:25:41,"npcc","Logged In"
2020-10-26 14:23:18,"npcc","Downloaded Forecast"
2020-10-26 14:23:14,"npcc","Logged In"
2020-10-26 14:20:14,"npcc","Downloaded Forecast"
2020-10-26 14:20:09,"npcc","Logged In"
2020-10-26 12:39:42,"npcc","Downloaded Forecast"
2020-10-26 12:39:38,"npcc","Logged In"
2020-10-26 12:08:49,"npcc","Downloaded Forecast"
2020-10-26 12:08:42,"npcc","Logged In"
2020-10-26 11:15:49,"admin","Downloaded Forecast"
2020-10-26 11:15:39,"admin","Logged In"
2020-10-26 10:02:44,"npcc","Downloaded Forecast"
2020-10-26 10:02:36,"npcc","Logged In"
2020-10-26 09:42:23,"npcc","Downloaded Forecast"
2020-10-26 09:42:17,"npcc","Logged In"
2020-10-26 09:40:42,"npcc","Downloaded Forecast"
2020-10-26 09:40:38,"npcc","Logged In"
2020-10-26 09:29:09,"npcc","Uploaded New Data"
2020-10-26 09:23:33,"npcc","Downloaded Forecast"
2020-10-26 09:23:28,"npcc","Logged In"
2020-10-23 17:05:56,"npcc","Downloaded Forecast"
2020-10-23 17:05:51,"npcc","Logged In"
2020-10-23 16:53:29,"npcc","Downloaded Forecast"
2020-10-23 16:53:25,"npcc","Logged In"
2020-10-23 16:50:40,"npcc","Downloaded Forecast"
2020-10-23 16:50:36,"npcc","Logged In"
2020-10-23 16:45:06,"npcc","Downloaded Forecast"
2020-10-23 16:45:02,"npcc","Logged In"
2020-10-23 16:24:50,"npcc","Downloaded Forecast"
2020-10-23 16:24:46,"npcc","Logged In"
2020-10-23 16:21:31,"npcc","Downloaded Forecast"
2020-10-23 16:21:27,"npcc","Logged In"
2020-10-23 16:16:44,"npcc","Downloaded Forecast"
2020-10-23 16:16:40,"npcc","Logged In"
2020-10-23 15:49:19,"npcc","Downloaded Forecast"
2020-10-23 15:49:15,"npcc","Logged In"
2020-10-23 15:47:12,"npcc","Uploaded New Data"
2020-10-23 15:37:14,"npcc","Downloaded Forecast"
2020-10-23 15:37:09,"npcc","Logged In"
2020-10-22 11:51:33,"admin","Downloaded Forecast"
2020-10-22 11:51:28,"admin","Logged In"
2020-10-21 13:09:14,"admin","Downloaded Forecast"
2020-10-21 13:09:10,"admin","Logged In"
2020-10-21 11:48:58,"admin","Downloaded Forecast"
2020-10-21 11:48:54,"admin","Logged In"
2020-10-21 11:41:02,"admin","Downloaded Forecast"
2020-10-21 11:40:57,"admin","Logged In"
2020-10-20 23:46:24,"admin","Downloaded Forecast"
2020-10-20 23:46:19,"admin","Logged In"
2020-10-19 10:29:40,"admin","Downloaded Forecast"
2020-10-19 10:29:36,"admin","Logged In"
2020-05-15 00:30:32,"admin","First Entry !"
